#0f0f0f,#dbbc34,#1118a0,#b27629,#bdb5f4,#76e09f,#5bafcc,#09d0ea,#0c63f9,#fcb0d9,#2d8089,#fc167e,#85dbdb,#0f0f0f,#0f0f0f,#b8fca9,#ddc5f9,#f2b0c7,#dd6f0f,#62c3db,#bd97db,#f99de5,#7476f2,#6188dd,#8c95db,#84bcd8,#88eadd,#4bff3a,#e88fb4,#44bf22,#eab08c,#44bf22,#0f0f0f,#0f0f0f,#eab08c,#44bf22,#eab08c,#44bf22,#eab08c,#44bf22,#eab08c,#44bf22,#eab08c,#44bf22,#eab08c,#eab08c,#44bf22,#eab08c,#eab08c,#0f0f0f
#e59d4b,#ddc733,#c6192e,#07bc77,#75dcdd,#db91e0,#3bbf48,#6c86e2,#5176ef,#4b82aa,#510c9b,#7794d8,#b2841a,#adffb8,#e1fca4,#962807,#d17645,#d67e5c,#dd6684,#b7e84e,#ffed96,#3dccc9,#fceabf,#a33425,#f093ff,#44bf22,#eab08c,#44bf22,#61e2b3,#12a534,#f2991d,#6dc3db,#2cf468,#8fefde,#3a43aa,#09e4e8,#e858cd,#86af1c,#74f24b,#4ed8c3,#03ad1a,#e51dc7,#beebf7,#017f77,#88cc35,#079163,#f7b6af,#1a128c,#dfe845,#ae15ea
#a9fcf6,#6b54ce,#61d1e8,#f9bb2a,#2a2c99,#5316e0,#e08aea,#19e560,#271777,#edb2a3,#ff1cbe,#7de8b4,#84edc3,#7ef5f7,#71b4f2,#c14164,#81e2e1,#eab08c,#353ddd,#edc997,#eab08c,#efa510,#8692e0,#f23ed4,#ffd756,#eab08c,#44bf22,#eab08c,#c7f5fc,#2ccc71,#7bc3d8,#ddb94b,#e0b27b,#dd3570,#480984,#432cd6,#06d3b4,#f4a1f3,#068473,#9ce6fc,#1af2eb,#ce4857,#088c69,#f91b53,#148cfc,#7ad8dd,#f7f37e,#c49b2b,#4dddb2,#016abf
#ef9b77,#54cec2,#e0af59,#91f260,#087f2a,#b2450e,#2eff0a,#d191f2,#f26fdc,#ddad73,#e896ac,#e21b25,#efe98f,#b4ea8a,#f2bd9d,#e2bb56,#a290f4,#a0dd35,#ffc9f9,#ef9688,#ad96ff,#64a9c4,#1e51ea,#14aa71,#e5bf00,#e87fd8,#f9bbbf,#44ed07,#eab08c,#99cae5,#e48dfc,#a8c2ea,#e8cd88,#f4dc50,#6ee529,#c49633,#b53e20,#5a71bc,#a9cc2c,#bec7f7,#f4ade1,#afc107,#95ceed,#a8d659,#075d77,#7f49bc,#762499,#69eaa1,#ff0fe7,#2fb2b5
#caea54,#ea5456,#8c0716,#ae64ea,#92c435,#ffccec,#95f4c5,#c1881d,#f76c65,#f9b3a4,#01bf50,#f4ee7f,#2ab289,#ed89a5,#62e028,#3fcc54,#7993f2,#e5c1ff,#d9dd63,#6befad,#f9e34f,#bc4442,#a6eff4,#38c6d8,#48dbdb,#94efd2,#49c64f,#e88d7d,#c6823d,#f7c5b2,#b9aded,#a071f2,#affff9,#f4b0d3,#ff91e5,#b4c409,#fcc78a,#97fc88,#c13845,#dd8bd9,#ff790c,#b8ed90,#ef9267,#7dc8e8,#3f3f3f,#e2c014,#493baf,#44d68a,#0e14b7,#e22fd4
#01017f,#c11370,#9af95e,#37c660,#c40f21,#a5d0e5,#fcee9c,#ffa37f,#ffd4c9,#95f9e9,#86a821,#ffe2b2,#d65794,#20126d,#62efa8,#d44bed,#f48697,#27ce86,#d6ccff,#7b28b7,#ff7207,#28ef39,#dae87f,#b52647,#ed8bc6,#07c637,#028e85,#f2e18c,#3ac466,#dc36f9,#3cc178,#f4bb64,#2b748c,#2cb7a9,#aa4ed8,#21e07d,#e0ba33,#ea17c3,#f7bbe1,#7076cc,#aea4f4,#fc9714,#f9cdc2,#6fa503,#23ff6c,#82eaff,#e84ce2,#efa7ec,#f7c2f9,#f73145
#7ee581,#98f2ad,#8de8c0,#d3af4c,#abbef2,#a8ffd5,#2dfcf5,#09296d,#7fdb6d,#806bc6,#402cc1,#b73b38,#f9d11b,#b3b1ed,#162487,#ed34ce,#e0880d,#f9e7c0,#b2fff0,#f77213,#478ae8,#9babf7,#93f2bf,#e8a18d,#abcae8,#183482,#f2540c,#81e212,#7e4ad6,#db0d77,#cced71,#8577d8,#09267c,#9ef7b4,#9cff6b,#1d98d6,#e89117,#ffcce2,#34aced,#ed49e4,#efa369,#c26ad8,#ea8577,#c18a41,#e07c76,#2ac1b5,#d1bbf7,#bdf489,#a661ce,#0c8cfc
#36f9a5,#008c0b,#bfe2ff,#d2d85b,#b569ef,#e06400,#2a528e,#d8ffad,#b24ed3,#3482db,#fbffaf,#f073f4,#c11c19,#f7b9bb,#e273b8,#ffc6ec,#177a06,#ff9b8e,#fc5f50,#c3c908,#0f0f0f,#e2794f,#36c16b,#53e06c,#07ed40,#5cd169,#c7e00d,#91d32e,#01077c,#f45dc2,#159644,#e0b472,#6780db,#6875dd,#4b38f4,#a8d5f4,#a9fcb1,#4e6800,#60beea,#940fbc,#11a06c,#f4ab0c,#c04bea,#9af45a,#e0a757,#fcbfd1,#11106b,#f27bba,#b7d319,#205f8e
#21c6c1,#5fb70c,#e04a77,#f29f3a,#7bedda,#2f538c,#e3ffaf,#17b3c4,#77dd3b,#84f4b1,#f96d27,#b0fc4e,#480b9e,#daf783,#04724a,#4f0282,#7fea52,#b0e57e,#0aad53,#d66c2a,#63d379,#67efe8,#b76428,#ffaacc,#8eedaa,#8cef2f,#edbc9a,#99f486,#69efb1,#b4e062,#f9a7b1,#c1762a,#6a96e8,#e53bda,#6bef67,#ea4dab,#ffe3c1,#cfd865,#6af2d2,#07f274,#e2e234,#823ead,#2892a3,#11ad03,#a799fc,#baf77e,#2cc914,#0c20d6,#892ef2,#ddb7ff
#caff99,#5ed81c,#baafed,#1dd1a1,#b24125,#b4ce40,#f25778,#2859a3,#e2839e,#6f6fd6,#e0082c,#e086c5,#8f57b2,#e27cc4,#d68426,#fcaaa6,#0e9165,#247299,#57f965,#5ac92e,#e0e014,#ef7456,#ffc563,#4058d1,#a8032f,#1712b5,#95edb4,#6414e5,#2fbf77,#9181e8,#f4929c,#a82510,#f7bbcb,#dd87b8,#fcf8b5,#905cf9,#5df4d1,#dd6235,#24f1f4,#2892a3,#dadd27,#890118,#f711d1,#154b70,#2892a3,#fcf8b5,#bcffb2,#64d1ef,#c2e847,#e02f1f
#c1f98b,#af54f9,#e2c871,#fcda7e,#e0f279,#dd54ad,#b7dd56,#2f8706,#ffeacc,#9cfcb6,#8fea98,#f7d6b9,#ba2a4e,#ef324b,#bbfca1,#c40801,#f71118,#db6dd0,#5cc647,#d8bd63,#a1f99a,#add15c,#c9bdf9,#59f9bc,#139342,#d64fa2,#efc07a,#4674bf,#00665d,#85f7dc,#7a2aa3,#3762ad,#b8f1f9,#dd8c73,#ef1a28,#0b5f8c,#d3fc1b,#13f7e8,#aa19d6,#3e3ed6,#af5bd3,#f73b99,#57e589,#83e04a,#4ab4ce,#fcf8b5,#f9bde3,#adeeff,#59bbe5,#b6f29d
#5ab7ce,#ef5f43,#ffccd6,#e2a28e,#ed6521,#b7f41d,#ffc6cc,#e8c34a,#e050cf,#866ffc,#e8a871,#ea885b,#ba08d6,#dff29d,#587502,#f49658,#7ff6ff,#12009b,#3ec188,#b3dfef,#b2301c,#62d615,#76b9cc,#99f7f4,#d3b20e,#67f7a3,#f2b3db,#55b3b5,#e800a6,#a024d6,#9e032c,#a1ed2f,#98e076,#c2ed04,#f783e7,#f25ecf,#ef8fb2,#2892a3,#98aaf2,#99300d,#f9bbc2,#f1f49c,#16e55f,#b8cff2,#fcf8b5,#667ccc,#f49cac,#cb75d8,#f96407,#ffa5e5
#36f9f3,#0d088e,#48c9b8,#afef0e,#54e84a,#ce6f5c,#b784e8,#a9f9c1,#e899a2,#bdfcae,#f70c52,#c6a40b,#f900f5,#fc37db,#37c66c,#442def,#a8123f,#18187c,#bc293a,#3e3abc,#e58b8d,#f291ef,#0f0f0f,#9416dd,#80ce50,#fcaef4,#5481bc,#e241a7,#a4fcbe,#48c43a,#c6d64d,#bcfffd,#49d815,#6ddba9,#38a30e,#8ad3d8,#0f0f0f,#ff7200,#2892a3,#e2c37a,#7dd5d8,#e2cf1d,#2892a3,#2892a3,#4fd626,#fff4ba,#e5a502,#8887e5,#f95cca,#6988c6
#be63e2,#62edef,#e248f9,#936162,#06e58c,#64e8f4,#32d16f,#84e8c8,#e2c77c,#96e88b,#dbd64e,#37dda0,#f7c3b9,#fcb262,#bf9500,#ed38de,#c5ebf9,#b799e8,#ba1ac9,#ea706e,#87c8d3,#4449af,#cd76e2,#ef8f8d,#d3ce2a,#c1ff8c,#7812e5,#a777f4,#ff9347,#915bba,#75f9ac,#00c106,#c48733,#7b9b1a,#4bfc7a,#2892a3,#f2dbb3,#75db4c,#2892a3,#7b60f2,#89ea69,#ba4cff,#2892a3,#3361d6,#f2cbb3,#d3e24d,#956fe2,#f4848d,#ecffaf,#d6ed7d
#69ef82,#e898f9,#c2f29b,#f7c6be,#f7c1a8,#d63c37,#3a7ca3,#f4ba92,#c731f9,#926bf4,#f9e28b,#c393f9,#9494e8,#c13828,#b845d8,#07f90b,#5ac429,#1aba62,#97efeb,#ff49d7,#b8c4f9,#fc2fb4,#51dbaf,#7dd9e8,#b56ffc,#ae62e0,#b881e2,#f2786f,#4640ef,#a7c0e5,#06a0a8,#60d140,#a4a1ea,#0f0f0f,#ce6df2,#bf702f,#e01685,#ea8af7,#2892a3,#db7fbf,#d6608f,#d31f91,#0f0f0f,#fcf8b5,#6bdd49,#d32c64,#40870d,#89ef64,#f4d473,#c45edb
#e8e12e,#e822cd,#ce70ea,#a4e25d,#b92ce0,#f2097d,#06197a,#ed9cbc,#f7bf65,#2ddb20,#ad3e1f,#eda57b,#c9c7fc,#39dd80,#e0bc6d,#d37b63,#e5c33d,#16af75,#bcef8f,#0a9115,#91eabe,#bcc7f4,#4ee898,#c4fcae,#e088d6,#efdb02,#009e05,#18116b,#ace236,#db468b,#0f0f0f,#f20eb1,#1bd1b2,#609ff7,#de6bff,#2892a3,#39e5e5,#a3e25a,#0f0f0f,#d8b51a,#c9cdff,#f4de7c,#2892a3,#0f0f0f,#5642c4,#0f0f0f,#5f32ff,#83efd4,#5767cc,#84f49c
#251370,#e59992,#5206e0,#9df49a,#c40099,#85d358,#b21917,#f444d1,#dd6018,#efb3f9,#faa0ff,#f0ff84,#9fb512,#b976e0,#11289b,#ce27bb,#6105ad,#fcb5be,#f27646,#ce6952,#8280f2,#db4a75,#12447c,#0f0f0f,#5f80c6,#89f4d0,#38e29e,#3a2be2,#fcf8b5,#f21d95,#62db92,#d53edd,#f968eb,#cfabea,#66ffaf,#1ea891,#d13617,#2892a3,#2892a3,#85fcc1,#7d63f2,#c0d2f7,#2892a3,#7459ba,#0f0f0f,#8cfff3,#1bb562,#90f9d8,#21a598,#ffa560
#009664,#184199,#e85ad7,#8075ff,#0da867,#348be2,#0db8e8,#e0d455,#f4fc55,#ae1bd3,#2892a3,#0024f4,#93ad11,#79e5b1,#d845a0,#1dc626,#2baf3b,#6ef470,#ea7872,#dd0da2,#cd58fc,#adffd0,#2282d6,#689317,#fc5f4e,#efb67c,#73dd08,#c4f280,#2def74,#5bd8b5,#684747,#d8a9fc,#6fd334,#0f0f0f,#a4fc58,#dbba59,#e0ae72,#a09be8,#2892a3,#5ed6b8,#2892a3,#fcf8b5,#0aaf10,#0f0f0f,#24d6bb,#0f8450,#3042e5,#7c8fcc,#aee84a,#80cad6
#6fed6f,#03ad60,#f931db,#d3bfff,#a52c1c,#c0ef8d,#8a30c1,#f2cc46,#cc2c44,#efa051,#2892a3,#f4a555,#c853ef,#e2a5ff,#f4abd8,#e9ccff,#99e9f7,#6533c4,#74a2db,#e2bc85,#d2a5e5,#e261dc,#15a013,#099b10,#7addaa,#9e7ed3,#f2ed9b,#d147ca,#efaea5,#c8ffaf,#230c70,#2077ad,#dd8e2e,#83d852,#8ad106,#a5ecf7,#d485db,#8aaae2,#df45e8,#2892a3,#30ba5c,#2892a3,#38edea,#0f0f0f,#e8d599,#43d89a,#8ae07d,#93e83a,#94f2fc,#f759aa
#f7beea,#e582d0,#b775ff,#f23d3a,#b9fc9f,#27ba6e,#94ef9a,#ffe8bc,#be2eea,#32c166,#2892a3,#bc001c,#a5231a,#1bba53,#fff1c9,#59e0a6,#738fd6,#55b4d1,#f9d5c2,#f9c0cb,#dd30b5,#bc7d0f,#f97c98,#43e8b6,#eab08c,#44bf22,#eab08c,#43e8b6,#3314a0,#4775ff,#0f0f0f,#aa1b3f,#ea56ea,#99af0a,#2892a3,#e01685,#0f0f0f,#a7ea4f,#2892a3,#a4e6f9,#fcf8b5,#fcf8b5,#dcf442,#ab99db,#ffd2c4,#2a54dd,#e231b6,#5969b7,#d6578e,#0e8587
#d9b1ef,#7ba00b,#42f7dc,#fce59f,#651be5,#f4beab,#3fdb4c,#4152c1,#f9a7e1,#abfcf8,#2892a3,#ab8cf2,#dbccff,#6e3299,#2ac1ad,#f7f79b,#2cdd82,#0f0f0f,#83cbfc,#f9aeb0,#774dea,#f7df2c,#ea79e3,#0f0f0f,#15d377,#eab08c,#44bf22,#eab08c,#7642b7,#478eb7,#bc6c2b,#7564c9,#d94bf2,#2892a3,#88e8d6,#9b61e2,#db473f,#2892a3,#274aa3,#7ae251,#b34ed8,#0f0f0f,#61ddb2,#c7ff00,#7ea010,#f4fcab,#bc2537,#ffccd5,#9c71c6,#ffc9fa
#f7e96a,#8093fc,#efbd99,#b3e064,#efec4a,#68acd6,#9fef99,#87fc67,#4c5faa,#99f7c8,#0f0f0f,#ef64ca,#b2451a,#67f76c,#ce7e4c,#2845af,#ffe8c9,#ce1a38,#62ea92,#11d888,#08c7d1,#3453a8,#aad8ef,#6b7adb,#16e08f,#43e8b6,#0f0f0f,#44bf22,#f79c6f,#f9e318,#e57e83,#0f0f0f,#bbb7f7,#45d898,#2892a3,#7658e2,#2892a3,#0f0f0f,#cc534d,#0f02d1,#2892a3,#f747a5,#2838ed,#65f299,#81bc34,#ea2afc,#ce29b5,#e0ffb2,#1fd3cd,#47dff7
#8932d1,#efb8f9,#eff7a5,#4e75ba,#80ed81,#c8dd4d,#54279e,#eda9f9,#fceac2,#fcc4d1,#2892a3,#ef69d2,#d8b1ef,#0d1189,#ffd9bc,#8dd0d6,#0ab51b,#3820d6,#50e569,#ffccfe,#fccab8,#9ca819,#ffa787,#ebf489,#c2a3f7,#eab08c,#44bf22,#43e8b6,#b25c1a,#a0f7e3,#2892a3,#f9dba9,#0f0f0f,#2892a3,#fcf8b5,#5aa5e2,#fcf8b5,#b7220e,#2892a3,#f7d179,#d15a4f,#66c423,#d8a449,#dd0b6d,#78b2cc,#ed8b02,#ef3d26,#e8e402,#e385e5,#7f3ea8
#bfc6ff,#115a7a,#ffeec1,#39e539,#a4a7f9,#ebef69,#ccfc92,#78d14f,#bdffb2,#d1fcab,#2892a3,#8735ce,#88efe0,#6823bc,#1bbef9,#f492a4,#bde881,#d0b8f2,#b0fc9f,#eef7a3,#48a308,#c95af4,#46ad29,#e1c9ff,#ea4738,#754db7,#eab08c,#8f55d1,#edd340,#0f0f0f,#a01df7,#2892a3,#c9b7b7,#e85740,#b4ea7e,#fcf8b5,#2892a3,#def73b,#87f290,#50a5d3,#b377ef,#aef49f,#07ede9,#6077c9,#4099b2,#db1168,#86efe6,#e09872,#fcf8b5,#59e09d
#ddd652,#dd1a8c,#960946,#74fc76,#5beadc,#f9dfa2,#b5f26a,#d86cd8,#e9f44e,#72f46e,#2892a3,#c6220f,#cc3d20,#2de25d,#f7a0f7,#a04324,#8ced47,#adf282,#fccac4,#94e874,#1e1477,#e294fc,#8b92e8,#89ef83,#ff5ec1,#a6dcfc,#2892a3,#32d16c,#2892a3,#fc6a95,#ef0768,#2892a3,#ff4f6f,#dc42f7,#9358b7,#2892a3,#1ab28c,#fc79b4,#3da0a0,#c42f15,#91ffde,#fcf8b5,#e0e018,#d7dd7a,#5b5eba,#e5b585,#13f93e,#d8ce06,#ffc6de,#f20cc8
#3eefae,#6a94c4,#003ca5,#08d151,#c66e21,#ea52e8,#e2786c,#f4c535,#83fcad,#5ee085,#fcca05,#59e072,#f4bac3,#b2ffc8,#66f96b,#5ff4d9,#f2b193,#a6edeb,#f8c7fc,#0b8935,#ec49f4,#47d85a,#213bce,#2892a3,#2892a3,#c433ce,#4d5db7,#18996e,#0f0f0f,#59e581,#32d5f2,#e02aa0,#edad8e,#a876f7,#a0ffef,#ea62cf,#d1a54f,#67ce37,#0a7f40,#c0f96b,#97f477,#fcf8b5,#eab08c,#56a6b5,#ebf21d,#c0f99d,#37d66c,#fff0c9,#a09292,#fcf8b5
#b2ed95,#ef5d6e,#7b9be0,#9b0626,#77bf1a,#21749e,#d293ed,#9df2bc,#ddc911,#bc4252,#2892a3,#e8c6ff,#90dd4d,#f464bf,#67d15c,#ad3a26,#e2a3ed,#30f4d7,#b20907,#f4b004,#566ebf,#6cf26a,#e03a6e,#fcf8b5,#9cc7ed,#2892a3,#ff8ce4,#9cf4be,#e4ccff,#c7ed8e,#adf1ff,#2892a3,#2892a3,#ff84cb,#e902ed,#dff28a,#ea8a72,#dbfca6,#633da5,#6dc130,#fcaef9,#d9fc79,#eab08c,#f74294,#95e830,#b6ffaf,#b2912c,#7d60db,#e81ed3,#cab0f4
#3dcc86,#ed1202,#c1f5ff,#3f33aa,#16ba96,#b1e07b,#e031ba,#1044d3,#d65e26,#1c3982,#2892a3,#f01bf7,#8be059,#69bcdb,#e2a053,#a83126,#3156d8,#a1ea8f,#0784ba,#b2ffba,#fca123,#e53d9f,#262dbf,#ed0297,#12d19b,#fff8af,#2892a3,#ffe1cc,#c01cc9,#2892a3,#f24d4b,#d6a035,#f2b424,#2892a3,#ace07b,#d63100,#7bedb4,#aefcc1,#ef94ae,#83c42f,#76e85a,#84f4a5,#eab08c,#eab08c,#66ff60,#fffaa0,#f4b5e3,#e52444,#a5ce2b,#56eaa0
#d909f9,#fff496,#1f26e2,#1048d3,#6253b2,#b23a0e,#1bc9f9,#5ff461,#209dfc,#398b96,#2892a3,#d8e24a,#efa0df,#a0cc49,#16b9dd,#eab300,#efe52d,#2892a3,#f76cbb,#0b5f72,#ba8234,#d84587,#2dc487,#ffcb49,#ef9bac,#c1ff4f,#42e5d7,#7def6b,#9196d6,#41c179,#ffd775,#bbe56e,#bfb2f7,#2892a3,#e1ffb2,#2892a3,#66d114,#1fba6a,#21bcb7,#edf469,#11eaf9,#4cc95d,#f7b7cc,#dda01a,#ff9977,#9ff4dd,#64b6e5,#4fbc2b,#c115a2,#61b6cc
#c1e278,#c93849,#0059e0,#198a9e,#e20683,#e0a838,#a9fc80,#fc85cb,#cff975,#9dea70,#2892a3,#307505,#912ad6,#e20075,#e892b3,#30aa27,#2892a3,#c4e1fc,#d6ea56,#e28ab3,#389999,#c14f03,#c2e2fc,#2892a3,#ed23d5,#296784,#f9acd4,#5570db,#bcff96,#3030a3,#b2ffbf,#5a9e03,#384dea,#a0c7e5,#3e46bc,#bf6200,#10e895,#2892a3,#9897db,#afb4f7,#8513ef,#233fce,#bf78e8,#34fc02,#9bf7cb,#0368c6,#fc0cc8,#e2966a,#f9be8e,#9cdb59
#6cd8b6,#f53fff,#3f73e2,#f4935a,#b919ea,#19d6b0,#b22d2a,#8881db,#25ce00,#f25a52,#0f5a75,#2892a3,#7ba0d8,#b69fe0,#85f2a4,#eaca4b,#7a77f4,#e7a0ef,#2892a3,#2d1ff2,#fcf8b5,#fcf8b5,#2892a3,#fcf8b5,#fcf8b5,#23a5dd,#db6f75,#5c97ce,#aa90dd,#db7e59,#ea0bd4,#70dd2c,#013360,#ccf446,#abfcf0,#ed78d5,#f5ccff,#fcd5c4,#f27232,#dd3591,#cd69db,#e1f989,#60a2ff,#c286f9,#ac23ce,#67db55,#f4caba,#54eaa9,#30b716,#e59664
#33e8c9,#bc3f1c,#1599a5,#b9fca9,#b4dd2e,#2cd3c0,#d89b00,#d6fca9,#e5a685,#ffb95e,#0cce70,#8f79e0,#cd7fe2,#68edba,#930134,#fcdabd,#2892a3,#129b32,#b51b5b,#2892a3,#ab9fe0,#fccbc4,#8df4f4,#e05ec4,#ffa3bd,#a1dae0,#4fe285,#a7f9a7,#1bb773,#e8a0a6,#c90ebc,#e537df,#0c9931,#2335af,#db9846,#5cd678,#72eae6,#7fc103,#5f71e8,#e2ef8f,#d659ae,#d315b3,#0c995c,#f4a095,#1af467,#afdef7,#97ce0c,#ed8536,#a43af4,#f2a7c1
#f2dd82,#31eaa9,#cc162b,#f2b75e,#67ea76,#bbdb53,#ef5bea,#f0ff91,#ea9e81,#e58022,#3cc99a,#19b760,#c3ce4e,#a386e0,#d0b3fc,#91ffda,#1ec9c9,#db469a,#e8917f,#d516f7,#c44c36,#f450e4,#8de886,#8704d3,#b21911,#761acc,#f779bc,#a1f4ba,#f7d5be,#dd68b2,#a9f9d0,#cc9610,#39d386,#5da01b,#e5ffa0,#b3db02,#d86c90,#66a2d6,#d6b522,#f918e7,#e57f40,#dae81e,#8d92ef,#3772f2,#d31f61,#db2766,#3bdd56,#e5fcab,#4888c4,#82c4e5
#384399,#62d642,#bf8916,#d36e65,#b8ed95,#d6c4fc,#dd74f7,#7ff9d3,#ceaf16,#26499b,#fce33f,#3b9e17,#576fdb,#e2096e,#6eb527,#dfef62,#fff3b7,#e283a6,#9e2f1c,#b31ed8,#2c93f9,#fcb5a1,#d82d83,#f4baca,#85db57,#fff3aa,#c94d14,#f12cf4,#f6ff7a,#6edd7d,#e0ea6b,#e2ff66,#e5bc16,#2e3ac1,#2a94d6,#03844a,#932107,#d8fcab,#f4b0c4,#0979c4,#43b501,#c17541,#80fc9d,#262fd6,#e577e1,#f9c1bd,#9b93ea,#4325ed,#b58c34,#e7a5ff
#933bd6,#44d672,#f5fca6,#d84ee5,#1f1675,#6abcc4,#0d0b89,#f78833,#99706f,#ad88fc,#ff824c,#f9cc61,#e59382,#ea9fe3,#e8c668,#aa0d1a,#60e5a5,#f9135c,#fcc4c5,#617ac6,#59f7ea,#e5dc5e,#46dd74,#7d89e8,#058e33,#e295e1,#a2e1e5,#e01a91,#74a4e8,#0c4972,#c5ffaa,#4fb22a,#d1066f,#eabb79,#489b14,#581f91,#217000,#a3f7d4,#e03cbf,#3e71e0,#dd52aa,#d88b2d,#9aeaf4,#07209b,#db4d46,#3f6f9b,#c7f1fc,#a4bc07,#e8a376,#c98f3e
#050c8e,#9da522,#64d673,#ef9bcf,#72d0d3,#cf4ff9,#094d7c,#57d157,#5c63c4,#ed65d2,#e54454,#63e875,#b445e0,#455db2,#e4a1ea,#8ef2ee,#08aa36,#9af4a9,#1dc659,#ff82ee,#b5d32e,#6aaa0a,#7a24e2,#59db7c,#ef70cf,#e25a71,#f20774,#e28ebd,#8fe038,#43b2d3,#ed49a8,#4df41a,#b3d313,#46fc9b,#b4c409,#dd1eff,#8aea97,#246de2,#5884b7,#ddca39,#ffb2d1,#bc332f,#ea392c,#9effc0,#c4deff,#f9f0b3,#a4ceea,#2d7ae5,#6651ba,#d18925
#8bf1f4,#f442df,#6abbf2,#f4d5a8,#b8f5fc,#81f498,#9d87d3,#cca028,#f9c2cc,#f9efb3,#186add,#e784f4,#cc3922,#4917b5,#d3ca19,#2bd8cd,#56d3d3,#12aa3d,#86d356,#abfcea,#bfcaff,#9396f2,#28f0ff,#d19723,#39067c,#e50d55,#a093d8,#c10522,#e07d89,#8dfcd1,#baea8a,#f78cd5,#79bce5,#ba85db,#ea4bd0,#e86d85,#60ffa2,#c9e57b,#d05bff,#fcbde6,#e51669,#6e6ce2,#f2cc8a,#e817ef,#d7e570,#30a51c,#419e12,#b21813,#6edd4f,#a88a8a
#514cb2,#80e5d8,#e57042,#4cc436,#baf785,#c17f2e,#6df954,#b4a7e5,#dafcae,#fce5bd,#e55eb8,#e0a10d,#f7bdbb,#22f479,#e5029d,#0576aa,#e4bdfc,#d12ea8,#2700d8,#f490e2,#c1245b,#b3e806,#ff00a5,#efed5b,#9b6cd8,#a169ea,#30b549,#24bdd8,#e89dba,#bedd68,#e8c34a,#3281a8,#e84e56,#ead110,#14e28c,#00c97c,#4593f9,#5b8aef,#088c5e,#deaaed,#039cb7,#89c627,#23ce42,#87a6db,#b3e1f9,#3207f4,#a1e0e0,#0cb726,#8ef9f4,#4fff6f
#f9c0d1,#90cedb,#f41a9d,#077a67,#0ccc15,#d8cd2d,#0e11b2,#53fc86,#2ba9db,#a8a1ed,#ccd7ff,#2bb552,#024060,#d3d02e,#56b4f7,#d879c5,#f7ec99,#e7f45a,#91f7cd,#d65335,#7ae8cc,#f78965,#a31411,#395ace,#85c63f,#acd157,#ef973e,#31a1d6,#dd4618,#cf1cd8,#1f51d1,#cdffb2,#2398b2,#d6b00a,#94c62f,#86e026,#f2c4b0,#286eaf,#cc5989,#c5e266,#82bf26,#83dd77,#f77ec8,#bad0f2,#3511c4,#b1baed,#007f1f,#8d9bf4,#9b2d01,#ba47d1
#ed76cf,#18e21c,#d7f756,#6bc938,#00995b,#fcbff5,#0ef41a,#d81411,#629dfc,#41b72f,#59ffdd,#bd7fe0,#c6ffa8,#9e271a,#044363,#f9913b,#ed0e76,#d61b98,#6316e0,#99f79f,#69349b,#c1132d,#5dc1dd,#3dff91,#e5ab95,#a0e560,#6fe067,#7369e0,#72c6d3,#5b4ff9,#f4ce9f,#9134d8,#b4ff89,#42c469,#f9857a,#9bceef,#45ef83,#748aed,#40cded,#f4b261,#6de0e0,#1b2899,#c9c30e,#126b6b,#960c15,#a3ea5b,#5b0604,#d8a25f,#d10a67,#da91e2
#34ed99,#eac196,#bbcbf9,#c910ad,#6ddbc9,#e5c96e,#597fff,#24ad7b,#5d228e,#6aa7fc,#62dbc5,#77f4dd,#31c690,#5b03b2,#fcdbbf,#4700cc,#b0ea1c,#273f87,#3499d3,#e5990b,#ff7c6b,#be98ea,#0e9353,#ff56d7,#2ab289,#57f28d,#78f92c,#c7ff44,#a77bd1,#a1bdea,#c2daf9,#f949fc,#5f51bc,#9bd63e,#90d14b,#edc29c,#f70767,#c8a8ff,#2bceef,#e268a5,#ffbffc,#c7ed40,#c6f1ff,#fc3a3d,#6aed8b,#c1f49f,#0c967a,#4ece4e,#bef4f7,#d88c52
#bacdf2,#33af28,#986dd6,#c4caff,#82bed6,#30e53f,#58dda6,#e2b7f7,#7aa0dd,#d54bf4,#e04358,#f2a460,#6c8ce2,#7be256,#ea4698,#e07b8f,#8560ea,#f799af,#07328e,#5c1aba,#cc0e99,#56840d,#f0c0f9,#297708,#304cb2,#058924,#f7a5a7,#91ba2a,#b7ce52,#68f283,#86f4f1,#0300e2,#47d145,#93b2f9,#b74d0b,#f23036,#d1b412,#3c5ea3,#84bc0b,#31d68b,#ca93ea,#4cdb58,#f2dc79,#bcd8ff,#bb7dd8,#2c2ca5,#7ff4a4,#c16528,#b146ea,#ed6121
#ba7b23,#83b4ef,#f4babc,#ff9bac,#6ff7c3,#04228e,#90edaa,#e5c432,#d33bb7,#0cb53c,#92f49c,#f7e8bb,#b5f49f,#91e072,#a00641,#baf993,#119364,#ea7ed6,#0a2f70,#ccf756,#05b589,#b3e07f,#fcbdc5,#9ea510,#fcb8c9,#c9cdff,#c6fbff,#dbdb39,#badcf4,#77f9ea,#5235e0,#7e88f7,#e5ae47,#00e5a0,#ffeb7a,#8eeda9,#ffc9e8,#35bf57,#ce6a5c,#1aaf1a,#b52d24,#ce6e48,#3bbfa2,#adffc8,#10cc52,#12b2e2,#86d151,#bce285,#ffc4e8,#dd87c6
#d142d1,#75d134,#a1f4da,#f4cdb0,#99b52d,#f9b8a4,#30dbe8,#97bf31,#5c39db,#f9acd7,#bc4442,#f98257,#85c8e5,#82d65e,#b524d6,#bbd86a,#b780f2,#9df226,#447704,#82eda6,#33418e,#950adb,#b1d4ed,#d31d20,#db3f69,#35259e,#dddd1a,#e550cc,#edaae5,#6c3daa,#d8f9a9,#679316,#842bad,#8294ff,#dba36b,#a7e88d,#010f7c,#36097c,#bf62d6,#629fef,#4848c4,#ed3679,#1c0463,#4f98f2,#25c90c,#e27b78,#1c167f,#a7f296,#f7e8bb,#97fc9e
#ababf4,#eeb2f7,#e5344c,#25b270,#e2ab63,#179e48,#d220f9,#ffc9d1,#8f89f9,#67c1d3,#f791b7,#ffc8c1,#e0ccff,#d5ef81,#28b208,#aefcd0,#3d40a5,#f794c4,#eac09a,#def49c,#72c43e,#f0b2f4,#1e6c99,#1da360,#307502,#6fb223,#b6b3ef,#f24fbe,#b3ed40,#ace043,#adfca6,#500684,#a508d1,#3f229e,#1eaa2a,#d13cb3,#a4f9e1,#8fc3f7,#78a3ed,#5fdd8f,#bf37dd,#3746b7,#3d81a5,#daef99,#ba6b18,#caed93,#db4852,#c4c6ff,#ef69ef,#1eeac5
#9ff791,#d64d2a,#c189f9,#d1e231,#fccfba,#70efcb,#66e845,#011796,#f442a4,#87a9db,#cc2836,#43d3aa,#e2ab14,#5990b7,#43cc65,#75ddc0,#e1f473,#5dd88a,#077577,#b2ffed,#ddaefc,#2a1699,#efffa8,#07f482,#e083ea,#f2b0c5,#a0fc6f,#e25851,#9036f7,#d74fef,#118691,#d39e19,#3ec9c2,#ef5bc8,#93d9ed,#b89ae2,#ccffb2,#83a8d3,#6956b7,#3032a0,#b28620,#d3f95e,#00aa77,#1270bc,#dfbcf4,#99dff7,#d66085,#1dd1b9,#8e81ef,#f7f731
#cf11f9,#d289dd,#3edd78,#fffdba,#f2b985,#77ef67,#97b0f4,#089ba0,#d66951,#e8784c,#9fa4f4,#f902e5,#de22e5,#a9fcf4,#f49aa0,#1fe08c,#aeb9ef,#ae91ff,#5b53cc,#dcffa8,#22d69a,#37dbdd,#9cf4cd,#e4aeef,#f2a63c,#cc6c47,#fcebc2,#c1434e,#6ad8a3,#ffd09b,#46f2b6,#7584d6,#77cdd8,#d6c2f9,#78baed,#75ddab,#eae862,#e08831,#d36439,#d8aa36,#c96b08,#c9d611,#f2f461,#eea6f4,#4ece7f,#6a840d,#7cea8b,#14306d,#9bd9dd,#5e88d6
#cdff82,#f29d8c,#6aa7d8,#99ed7b,#625fef,#f4ac75,#1634a0,#a50143,#2ac9c4,#c0bef7,#3835ff,#ddc380,#f4834e,#f1f995,#d63767,#a87bd8,#ce2bcb,#fcb0b9,#f47ac7,#c5ea2e,#4cff28,#f9d0ae,#198701,#416faf,#8fd659,#086f72,#ad3011,#b3d8f2,#0f0bea,#81e06b,#b4f271,#ea67e1,#aefcf0,#efc4a7,#a1cc16,#f2f296,#f475aa,#dd4482,#0f04e5,#8ac1d8,#69e0a2,#cee874,#74e076,#ffbe5e,#5dea91,#b6e9f9,#f4383b,#dd1fc7,#95a0d8,#dddd42
#387b93,#59bde5,#3ee054,#f72e5d,#11a377,#d80068,#bd4dd6,#f742a9,#ed5e9e,#c095e2,#266684,#7cff94,#2fce94,#ea6bab,#ed93b7,#deffaf,#c57fe0,#99bae5,#9dfc62,#b0f78a,#e22d48,#eff977,#dd0667,#f2595c,#60c617,#2b278e,#c87dd8,#f7a8ac,#f2b4a4,#30a316,#4ea00b,#060d6b,#fc4189,#d1e072,#f7f767,#ef8e17,#eaccff,#ed57c0,#f26f9d,#8066c1,#d32acb,#71e4e8,#71f7da,#1bbdd6,#8ded82,#24f4ea,#547507,#7add92,#c95c3e,#236b02
#073882,#e689f4,#97e057,#c2aaef,#a8a1ed,#d797ed,#f9824a,#db4350,#c8f492,#a2f9e8,#ff93e0,#e06c00,#353fcc,#349616,#047262,#6054bf,#33f75e,#d68664,#ffcced,#3a92ad,#ba433f,#1c9e32,#efa7b8,#e23d4b,#6ffcd4,#388207,#3ad8bb,#e0cd26,#abc2f2,#052c68,#ffd1c9,#25ad1b,#dd5d97,#c906ac,#edce74,#e59e72,#9b88ea,#105c6d,#f7b35b,#0b7c42,#eebdfc,#f0ffa8,#4621bc,#f4bad4,#dbf49f,#ea5ef2,#a9fcae,#db6702,#89edda,#95f4c9
