#f9f0a9,#a2fc99,#79a3f2,#f9ff5e,#c2e8fc,#01771c,#7cf5f9,#e0ba14,#5bf78a,#c90c84,#c54ae8,#e85651,#9c50ed,#3de53d,#c863ed,#8bc5d6,#61ba21,#fcc4ba,#a3d65c,#dc87e5,#ef86b3,#8fefc6,#dde244,#f7b6a3,#9ef7ab,#1da321,#a51750,#5ed66c,#2fef63,#45fc20,#4bf2c2,#ffa3c4,#78e2b4,#ce684e,#f4d2ad,#c7fc9c,#8cf77b,#e03aa6,#e5a54b,#38f451,#4302f4,#8bef9f,#77d62a,#6f8aed,#c1c9ff,#a5ffad,#a8052d,#ed4e1a,#e28a99,#3de5bb,#7140a5,#fcebb8,#88ead8,#b8f232,#bae1fc,#3847b7,#ce4d44,#08d893,#f2c9ff,#2bc6ce,#75efb2,#ffb2b5,#79f46b,#b652dd,#98ef97,#e93af2,#07f25d,#7f19e5,#6858c4,#f768f9,#bc2330,#3521ce,#1fa550,#db53bd,#eaa6d1,#ea8ae0,#d467e0,#e5e350,#dfed74,#ccf99a,#46ce46,#45e0b9,#ed4e68,#f455d7,#c2defc,#53fcaa,#e0d955,#fcf9b8,#b530e5,#5a8df4,#f9274e,#92f4e7,#c42725,#01c671,#f2a7e0,#8efff0,#2edd54,#fcd00c,#e273a9,#ef9ee2
#5fd395,#ce299c,#b7b7f7,#d2a1ed,#ef99d4,#e493ff,#7079c9,#2a62a8,#1ea2ce,#db0a65,#ffec84,#82fc5d,#23efdb,#d856a2,#8a5ed6,#6e9115,#189994,#9aed25,#aee56b,#e072ae,#ad1419,#8421ff,#ccf99a,#85f246,#9abc2b,#e193f9,#f77199,#67dd4f,#50d84e,#ff9f8c,#fcc4d4,#aaa8ed,#b1f96d,#69e09d,#d6689d,#ff6c28,#d1fcab,#edc134,#097c0b,#8ce2e2,#fcc7f9,#1da58f,#5a82dd,#a8ea72,#067f5f,#2c026b,#61d89d,#e866af,#149152,#e238a1,#25358c,#bad6ff,#71cc4d,#576fc6,#ef77db,#b72248,#f29a74,#a4f9c1,#ff23cb,#c9abab,#838ffc,#dd25c2,#a722cc,#c0ff7c,#18b223,#1ba4f9,#ef81e4,#f7b394,#99cc33,#c67de0,#f7bbe8,#3f12c9,#0b8705,#3be582,#357ecc,#e2a1f4,#ef75e5,#bc8036,#5cf961,#276299,#b18de8,#8aeac4,#50ed91,#77f48a,#f227f9,#e58082,#bf183c,#f9432f,#ff38a8,#d17404,#0d8232,#8dfc96,#ffd7cc,#1eaa7c,#2d4bad,#2374ff,#4dd666,#6675c9,#06d8b2,#fc9185
#5dddb7,#57f9a3,#c5cc49,#14017f,#a3a2f2,#e1c2fc,#b9f9a7,#fca6aa,#f731ae,#ff6b77,#a299e8,#2a91c9,#ad65ce,#ba0571,#006591,#e2389c,#028e8e,#f9eea2,#969e0e,#1ba01b,#2118cc,#83c63b,#c291ea,#c329db,#3148d8,#e053ed,#ffcce8,#2e8dd1,#8841b5,#86f767,#bbb1ed,#d39730,#8cffdc,#eac391,#5f8c00,#dcf799,#a31122,#392d96,#3c98c9,#e56d3d,#f7b2c5,#998bdd,#c785db,#c395f4,#f4d7a8,#4ae07c,#3cc99a,#ddaf77,#933107,#eddb3b,#433ea3,#f71bf7,#3018e2,#f28730,#d800c3,#5d85dd,#b8a9f9,#ab8ad8,#ffbfdb,#ea54b6,#4beaea,#f2f9a4,#f4b4a8,#af0c4b,#f1b5f4,#cb7fd8,#29f477,#2fbcae,#d1941b,#c8d34e,#e160f2,#e8c9ff,#76f271,#138c74,#ffb5f1,#3a89ad,#fcc7e4,#154575,#d8f28c,#a7e550,#ff60d4,#8aa7f2,#ace5ef,#db83db,#f7d39e,#883bdb,#d7f464,#a414e2,#892408,#99ade5,#b29de8,#ddc2fc,#f7c6b7,#acebef,#8d16c9,#367a08,#e27448,#fc11b6,#ffe2a8,#573ded
#c770ef,#ed008a,#fcfcb5,#db3406,#27f498,#f9543e,#ffcdcc,#077750,#9da7dd,#011b63,#992309,#00a098,#70e6ea,#9df2ab,#baaaf7,#70eac1,#b54430,#4bcc24,#d66c46,#5fe8ba,#f23a89,#a3f7a4,#ea0e5e,#bab2f4,#cea314,#15d6b6,#16e0b1,#6add9e,#a8ffcd,#63d35b,#5576b5,#383bd8,#88e88a,#cb70ef,#80f2ce,#f4d4b0,#b4e25f,#c0d1f9,#b3b9f2,#9af4b3,#fced79,#ba8d09,#e2d75d,#ccf3ff,#cbce25,#596fc1,#7a46ba,#b256dd,#ea4833,#2d23ea,#9fc442,#f46e50,#e0a64a,#51e8b0,#f9f690,#ffb5d3,#7fe2c1,#78afd3,#6af2e4,#e52d09,#efdf32,#c22fe0,#a693f2,#cbe26c,#e51b79,#d793f9,#42d682,#6ae89e,#25bc28,#fca9f4,#578dbf,#760ace,#fff1af,#741e99,#efba9b,#a4fcf9,#4cef40,#0e3b7f,#82f77e,#104093,#dab3f9,#88c7d8,#e6f79b,#ba9393,#adf7a0,#9af4f0,#068916,#96ffca,#2263e5,#b5d63e,#d8762f,#90f99e,#ccf9ff,#fc858f,#d67957,#d85d5b,#bf154d,#9cd7e2,#d33ba8,#f4bb11
#efc2aa,#f4ccff,#737dd6,#c7d668,#e89e7f,#b7ed84,#edb590,#7cbaea,#624fad,#f4b8b2,#ff4fd3,#ab4cff,#7b52af,#ccf77e,#c4a0f7,#04d7e2,#b2792e,#5838b7,#e23196,#c44f35,#bf4c3b,#15dbed,#f9f393,#7d9619,#afffde,#79e59d,#7c9cf4,#ed368b,#f27b63,#e896ac,#f948a1,#04096d,#ea1c91,#3b77dd,#9c3ad8,#d32637,#847ef7,#a03b10,#6e4ce0,#f7bbdc,#a6e064,#3cc92c,#9eea91,#ea9f7c,#ea876b,#abd5e8,#e57662,#a8ffef,#eac198,#f4f007,#ba962a,#ffc4cc,#86bbe0,#ea5bb8,#0f4777,#61aebf,#02396d,#e58279,#a4bc1c,#16137f,#3230d1,#c391ea,#7770d8,#3e45a0,#f2893a,#f9a384,#11ad76,#c799fc,#eacf54,#8ce055,#52aaf2,#00ad90,#dda05a,#a193f9,#22d661,#3fe278,#e0a4e8,#62f722,#edba78,#106d00,#345ed1,#0695a5,#c4d628,#a9f9cf,#5aa2ce,#910e3c,#0bbc46,#e19df9,#97c436,#ccd65c,#ffde6b,#8df49b,#d15e75,#f4806e,#9154af,#92aae5,#fc64cc,#ffd67f,#6a8bc4,#0ba338
#c41505,#fcb364,#f77bab,#63edb8,#f4855d,#e9fc9f,#ab74cc,#f4af69,#6826d3,#afa2ef,#eaa48f,#aeff9e,#cee851,#d7e273,#2befa7,#dd8f08,#bd51e8,#70db69,#c10563,#afffba,#40ddc3,#fc07db,#6dd622,#96aa11,#ef409e,#eaf49c,#e892d4,#d393ea,#e5a0cd,#37d38a,#f4adbd,#931410,#ef7ade,#34e58d,#b6f9a7,#d86a1c,#44bc1c,#f99e61,#363df9,#ffccdd,#27b596,#f7aa5d,#21c600,#d11b6d,#7e9bd6,#7bf7bb,#c2fafc,#350f82,#d758dd,#efcc94,#2dbc51,#d84966,#cfc5f9,#627a02,#db1592,#d88af2,#d100aa,#afa2f9,#ed6e38,#fc6149,#c39eff,#047744,#fc956c,#dd4621,#e248b7,#cc72f9,#ba90dd,#61e026,#d059e5,#6956bf,#c8a6ea,#16e000,#9ee5ff,#7141a8,#150f6d,#c93642,#78af1f,#4c0a7f,#ce2f21,#8c16e0,#872100,#7ad655,#9f58d8,#d86893,#63db53,#6857c6,#fff7bf,#18d615,#3bc6d6,#f47653,#2d1189,#7859ea,#ea1792,#6535ad,#d6ba04,#a903c6,#aefcbd,#bc7d31,#befc97,#f26507
#afed8b,#db72db,#72db67,#e884ad,#d31f52,#82e853,#75e5d0,#ea96d5,#ba057a,#87f287,#cce2ff,#b2ffce,#9dd635,#97ea31,#345baf,#dd0845,#c14579,#38ffc3,#6ad361,#ce14bb,#ea279c,#ffb20c,#ffa3ba,#d5d829,#8fbf1e,#ff077f,#e09c60,#5d9bbf,#e094d3,#a0ceef,#e58ecb,#894af7,#dd6ed4,#0a1166,#4ad350,#0764ef,#3fba1a,#960d28,#f95204,#dbd255,#6cfca6,#f9c9ae,#93edcd,#a6bced,#eae12e,#f473b3,#bfa200,#f7d720,#3f99b5,#e234d7,#21ba78,#089342,#eabf91,#412999,#a81723,#ef6ec4,#1de592,#fc94c3,#065666,#1d0a7f,#fccfc4,#f492b5,#8bc8d3,#10e813,#f94fc4,#a6cdfc,#f9f2ac,#b2304a,#d86020,#d1fcae,#723ec4,#f29bd8,#1ca53c,#cff74c,#80d65c,#913afc,#f9f0a9,#f2b3ef,#efd510,#abfce9,#481faf,#7c3dbf,#4c8ef7,#aafdff,#19b714,#6d1edb,#afc438,#bffc07,#07c466,#054193,#da98e2,#ea8212,#cbd651,#81e891,#43e8b3,#37ef43,#d847d3,#2bef48,#b2adea,#ccffad
#47ea07,#351b1b,#f78ae8,#3c63d8,#88d14d,#e5b402,#bbe0f7,#916ed8,#f9b1a9,#f0f28c,#e0111f,#1ce212,#61b6ce,#8ef9d7,#0957a0,#19d357,#f9f37f,#f26db1,#9f4ac9,#f7aba5,#d8ef8b,#f2d4b3,#a6f274,#52f9cd,#ffe2cc,#d86c00,#8e53bc,#d240e5,#f4c0b7,#6fd6d6,#0c9e24,#d0f458,#e02648,#ef0462,#2433a0,#e607ea,#0d872d,#0035c9,#a825f9,#b59de8,#f7bf5d,#c611a5,#9af252,#ba8a07,#d64ee8,#3be58d,#ef7943,#dcc4fc,#61119e,#ed9e6a,#c68c1f,#f7b38c,#00ba31,#fce91e,#faccff,#d9ffa0,#8fdb67,#9124cc,#5057ba,#e096d5,#a5e5e5,#19c192,#eaaf96,#f29fcb,#f9f898,#f96a54,#e26638,#230077,#b78e14,#ecb5ff,#e0d026,#d62635,#93c7ff,#bfed42,#e5dd67,#d8ed40,#f9c59a,#9cb8e2,#8668d6,#7917ea,#a5a3e2,#fff3cc,#fffbbf,#e829cb,#bbc63f,#82ff9d,#a1fcbf,#f7a8c6,#196b87,#449307,#a481ea,#efe588,#532dbc,#a0d644,#f47f49,#bfd8fc,#f41672,#a4abea,#e5ce49,#d0fca9
#0293d6,#1f1c8c,#fc9ca9,#e5779f,#0878ce,#bfef6b,#ffdebf,#68c7f9,#ccef81,#9cfc6c,#f765dc,#285d96,#5c2a96,#7bf28b,#c1a3ed,#537ce2,#fc53fc,#4bdd4b,#2835ed,#b6ddef,#92f4d5,#96e9f2,#d876e2,#009982,#d1aef9,#abb0ea,#b22148,#d9ff99,#f2cf68,#bc5ae2,#45d161,#75ef10,#c96940,#94a8ef,#fc92c5,#fc9b3a,#3ca2fc,#dbd22e,#bdd313,#ea385e,#98f738,#df78e2,#4e81e8,#0e40d3,#fcaf97,#35689e,#5374d6,#f2a7b3,#a6fce2,#b1bc34,#01b701,#ef39ce,#f237d3,#2bd804,#e24f60,#50c141,#a1fcb0,#db59b2,#86f9cb,#aeadea,#4eceae,#c5fcab,#dee516,#5fb728,#ffa29b,#007a55,#ffff7c,#6156d3,#d8ad63,#d87700,#d2e858,#4b1093,#57e0db,#96b72a,#f49d7a,#b2293f,#f7d788,#9be079,#91c9f7,#4e9ed8,#aaffb8,#db6313,#72359e,#f9759a,#77ff68,#9e1128,#8ad352,#a9f9ab,#af90ed,#9d9aea,#80f7f3,#104ea0,#6ff422,#e2b66a,#91e0e2,#b75500,#df42f4,#47d376,#c5c1ff,#ff4621
#a8cdea,#3f1789,#7ae87c,#64db57,#7ce285,#c0cef9,#3581bf,#f4b5f4,#ccaded,#db6a60,#cc086a,#ff05bc,#991538,#a2f9a8,#f99fe9,#d9a4f4,#2f6ba3,#cf7ee5,#7654d3,#92d32a,#f257ac,#fff282,#e26874,#c94d34,#8af2bc,#6babff,#057eaa,#b5e074,#daffa8,#d456dd,#07057f,#ddff82,#6c53fc,#52d374,#0ea3f9,#e091b7,#9bf464,#f296db,#f9484e,#f45a83,#f2a779,#d6c122,#b9fc1b,#e0d95e,#ffedcc,#ff6bff,#c96de8,#c3c912,#e80b5c,#b25d1c,#ea7044,#dbd95e,#ff6d7c,#e8db6d,#fcf297,#2bc643,#765ae2,#32c1b5,#486fc9,#ea534b,#50f4be,#f9e6ac,#06ce9f,#6df9a1,#5bd323,#77efe7,#7bedcb,#da61e8,#8cf96d,#9565d3,#96a6f7,#66c4c2,#8ef263,#43f29d,#5a41bf,#8c0912,#70c0f9,#eaa4b9,#d85f65,#c9d341,#0eea99,#fcfbab,#8bbc29,#02cbce,#e28136,#ddb71f,#f26d15,#ffa8e2,#e9aaf7,#1614b7,#9da7dd,#99f291,#688dc1,#2a6d91,#78ea69,#fcc6ff,#0b6f72,#bf070a,#c8ffad,#7d5cce
#f2a7af,#ef81f4,#26e265,#826cc9,#5c17a5,#4ef4e4,#dbca48,#2fdbf9,#9855ba,#a9f9bc,#8433d6,#bffc7e,#3affba,#dd6ae8,#7135b2,#0b0191,#4e9fb7,#0996ba,#f4c9ad,#56a2ce,#bbf7f9,#e0fcab,#e3f780,#efb967,#98db69,#39ba23,#9cd147,#36aabc,#d780fc,#fc97e8,#ed31be,#1149e0,#9c91f2,#fcf879,#97b1ed,#d87770,#6aa1d1,#edbf7b,#a7d5e8,#20628e,#5ce24d,#528bb7,#90f918,#d847b2,#7adda8,#91f7bf,#b21001,#1df771,#e6ff6b,#a7ed8b,#ea8f2e,#06c1e2,#ba037d,#f9f286,#5df760,#b03bef,#6b52b2,#a25fef,#7bb5d1,#e6b2f4,#d8b26a,#e0a0f7,#fdc6ff,#3e50d8,#e88c5f,#d38806,#4ee0b4,#f7c5be,#6df2cc,#98bc34,#6752ce,#c5a1ed,#4913ad,#c2fca1,#50f466,#29d8d2,#f47aa3,#b3e041,#eda8d1,#d36394,#4fef9a,#cd56ea,#91e076,#ed8791,#8def8f,#a9db69,#e212ce,#af333d,#077f27,#e091df,#a8a8ff,#46ddb8,#deffaf,#07c466,#25919b,#b2ffe5,#f4b7bb,#e2a26c,#216ab2,#03757f
#96b7e8,#eaa585,#d19e4d,#15c64a,#8afcda,#ba00a1,#c1b7ff,#042d9e,#3f68ba,#52ce69,#1221a8,#c6654f,#f4c16e,#c6e878,#ff26af,#fc8fc7,#51d2e2,#82f94f,#cdf774,#ef6ecb,#927cf4,#77f9b2,#97eefc,#4b21bc,#9df265,#1daf25,#348bba,#d660bc,#eddc80,#8f9b0a,#f7b896,#51efef,#30ba39,#a34a27,#fc1ef5,#1a187c,#d84b71,#e03162,#2e94e8,#6dafd6,#13f277,#ef8f9c,#229910,#ef83ef,#2c1af2,#ffb7d6,#d611a4,#3a35ba,#c5db64,#a2a0f7,#ac95db,#8378e8,#fbff96,#fff0b5,#7b93fc,#f8f9b3,#d646d3,#dd2ada,#a7d2e8,#350196,#c02bce,#312ba5,#7efca1,#cc4928,#266d00,#5a3aa3,#b2acf9,#d80645,#b5ddf4,#49d8f4,#e9f29b,#cc8249,#d843a1,#7eeaa2,#95ce10,#41ef3e,#2d16ad,#51db5a,#0b136b,#006d55,#db6dd7,#38d1bc,#98f2f2,#7692f7,#efc726,#6284c9,#c9d868,#14b74d,#18ba0d,#f9b8c2,#5902f9,#8190d3,#c6674f,#e8aa99,#816de8,#33f7a9,#cae88b,#92e222,#ced63e,#cca2f2
#68d352,#fc94cf,#e08fcd,#10b713,#ff96ca,#226ead,#2c14e2,#b2ffef,#4383a8,#b518e0,#bac936,#6f9fe2,#ebbaf4,#1cedc3,#d3af2e,#81e261,#4f2796,#5858c9,#26d3b6,#dd8db1,#05ad6f,#e8db2c,#7fffe7,#dd6cb6,#d8d822,#cd53db,#fccd8a,#fc9816,#fcc4f2,#d845cc,#c775dd,#affffc,#ffcbc6,#90bedb,#2742c6,#baef69,#0ece9b,#f2c524,#ede744,#faa1fc,#2cad18,#546ddd,#2124dd,#574fad,#2ea517,#fcc3c2,#d13cc2,#b5f984,#12c9bd,#91ed87,#f4249a,#a32acc,#cd9ce2,#f7a3c6,#f7bbe5,#f7cf1d,#e89a4c,#4188e0,#8cdb72,#f95edd,#a2cce8,#bc2f52,#efa7e4,#ed0ecf,#95e8f4,#8e5cce,#fbfca9,#5982bf,#83efe8,#e2c26a,#3af40c,#c044d6,#e28eb8,#6063c4,#4f910d,#274ac6,#ffb5bc,#13d3b3,#48e9f2,#dfb0f2,#d573e2,#e585c0,#e5ad64,#b7ffb2,#ea6964,#bcc944,#88eac6,#fcc4d0,#ffccd9,#21af3b,#ffcc7f,#2e488c,#74d11d,#48c9b6,#72ed50,#a6a7ed,#f74a69,#f952f7,#98f9a2,#b8ed93
#ff4fde,#5dead3,#7bf2d8,#5ed145,#d60fdd,#7f07b7,#dd2211,#9cf489,#fcbdfc,#e54b9b,#dced6d,#ef2dcc,#247d9e,#47c65a,#ea4664,#43cc90,#b7174d,#7a7fcc,#f4ffaf,#3ed680,#9cfcaa,#baf796,#b2ffca,#b18de8,#45c69b,#8cf29f,#0f840b,#7563f9,#8accf2,#ea59c1,#d44bed,#efdd81,#899dd3,#cdf796,#f279d8,#960734,#e0d03c,#fce45f,#58d3ac,#1c9e8c,#088206,#6d6be5,#e853e5,#62c3f7,#41c657,#4df958,#3e58b7,#dbf77e,#d850a8,#56ea6c,#ffc6d3,#f9c2f6,#ed9e97,#b57f01,#f995ee,#abfc71,#ce3ba0,#edab95,#6306dd,#e00d29,#a49ef7,#fce5ba,#6a7708,#edae97,#b6f296,#e855c3,#d82b59,#17c1a8,#a4a1f4,#79f28f,#f4b7ff,#efaade,#ff4b42,#0faf75,#454eb2,#bc88d8,#d640a4,#0a9611,#7eea97,#4c06e2,#af4328,#338aaa,#8e0c05,#44ce92,#7db700,#ff3abd,#daaeef,#db8c2b,#af0c32,#227cb7,#85e5c6,#e29f8a,#4fef40,#0eb588,#9ef464,#baebf4,#97dd61,#ba29db,#0914b7,#439ebc
#fff070,#f9549f,#e088ea,#e800cc,#16728e,#6df75d,#a8fffa,#0b2075,#cf7bd8,#d576ed,#eca2f2,#f2de2b,#8ee1e5,#bc015c,#d334bb,#3bdd94,#ccf9a4,#4217ed,#e80d15,#1f3e7a,#ff8cb0,#b0c8f2,#560d87,#ef8dbb,#a4a0ef,#d8bc3c,#acea60,#1cbc26,#775aed,#57e5b6,#e5b595,#274ef9,#34db50,#fff0c6,#2aeafc,#0359b5,#f9eb22,#afffa3,#ef69b5,#70dd39,#9ab526,#4606a0,#db8a48,#db2eaa,#6ccadd,#a4f21f,#ed0471,#fc9cc1,#b7e57e,#e590ae,#ed8ead,#14b7a4,#62beef,#57b0d1,#30dba5,#6eb201,#d17f27,#09998a,#70cdd3,#d13ac2,#d3ff23,#f45a38,#f285cc,#56d89e,#ffc6f0,#07b7a0,#a7ed71,#35c475,#dd79fc,#ffcdb5,#d18ee5,#9d04ef,#d6bafc,#4e52b7,#2db597,#bfff8c,#eaa607,#11ad1b,#64e0d2,#14a88f,#6ba518,#041763,#a4f9bd,#63d5f2,#2401bc,#ba5f0b,#ffd7ad,#f9ae8e,#2bf2d7,#25fc78,#50a815,#cb39ef,#06a30e,#4018f4,#d85f52,#23c680,#8198d3,#c1f95e,#bac1f4,#e01f93
#93b7d8,#c0f7f6,#b2fff0,#d858a1,#e537f2,#fa6afc,#c9d6ff,#8e1239,#b27c11,#ffd7c4,#ba8bdd,#e55e72,#fcb8ba,#c2c8fc,#ce2d32,#2f0f99,#a0f79b,#bcbbf9,#c745d8,#f48a7a,#f96b8f,#e03188,#d853ed,#ff2b9f,#47e8b5,#a0db64,#be21d3,#59e5de,#e4ffaf,#ea838f,#b1ed80,#4569f9,#7df28d,#8fe86f,#8137c6,#6092ff,#d66879,#88f7ee,#7512cc,#93ed87,#89e845,#a9f9d5,#bf5b26,#001c5e,#f20232,#f2bb96,#91ea95,#aff298,#f4a8d1,#53e0a7,#fc94ca,#8b9ad3,#e80288,#57f9de,#75d0e5,#d66b53,#f4a490,#b77100,#19c15f,#8af2b5,#0de07a,#98e278,#f7f379,#4cef5a,#ffb39e,#cbe21b,#e6a2e8,#734dd6,#71e29e,#8e1a02,#79a8d1,#e2b624,#e096cd,#d66f40,#abfcce,#90f9f2,#ebfcae,#147503,#801df2,#85f2b9,#96f2c8,#db15b0,#90a318,#c0db39,#e8df7d,#7d54e5,#07fc82,#ed6fb2,#99f7ce,#21cea6,#3ae0d8,#fffabc,#bfea52,#333e93,#5686b7,#d68553,#ffc575,#d1128e,#4567a8,#7f59b7
#2784a3,#1701bc,#91ea88,#f9de66,#5cdba6,#5792ba,#74e0b1,#ea9dba,#aef98b,#e5a989,#43e822,#d4fc50,#2fc697,#88c629,#adf7a5,#650c8c,#9859d6,#49e59c,#e69ff9,#cc962c,#009cea,#f2b707,#16bf97,#177001,#6ed1ef,#ea9b88,#f707f7,#c9c5f9,#edac95,#52c940,#ce9e4c,#0b9327,#accbef,#824243,#d66ad8,#b74fdd,#9aef73,#5447e0,#f7d4af,#f939c6,#2ab6c9,#1c4c8e,#fcd8bd,#ed4bca,#c2a4f2,#ce47ff,#7cc5f9,#85f7f1,#2eb2b0,#3ffcdc,#37cc61,#a9f9eb,#34bcaf,#f23026,#b26931,#ffccf6,#63e87c,#af60e0,#b502c9,#ff91e3,#9a96e8,#db7683,#b7313e,#e1ffb2,#ce1310,#bf6b26,#aaed68,#273de5,#ead67c,#214a9e,#a7bde8,#e37efc,#e2574a,#5daa0a,#eaba59,#f940d4,#76e293,#a03110,#30d3a0,#cc20c6,#276cad,#d85b3c,#f4c2f9,#14ad21,#45c12c,#db6fd4,#7cdb2e,#1fba29,#8114e0,#f765b3,#c4ea83,#38adbc,#efaacb,#151f7c,#4bf731,#a9e85c,#ede868,#efc1ff,#06e52f,#f07af4
#a1dce0,#6fbf07,#f71b7e,#e5c460,#f7aeaa,#e0a77b,#8e38f7,#0fa863,#c98cff,#d58ee5,#f24dcb,#8e09c6,#22c90c,#f7becd,#b9fca6,#1c1c7c,#f7731b,#5792db,#744ae0,#5df7ed,#e52b98,#b9ffa8,#b1f963,#ffb10a,#7dbced,#9bf2cd,#21f704,#63d8d0,#d1297d,#efaf77,#767acc,#edae95,#1f6ba5,#a0c119,#bb6cd8,#e29683,#5fb0cc,#cac5f9,#ef3945,#13f7e4,#76e84a,#e17efc,#802dbf,#d8f28a,#8e696a,#99c2e5,#b52a12,#9670cc,#fc9ff1,#c1a805,#4b8cf4,#e6ffb2,#7e45d3,#ffadc1,#d66c3b,#2de212,#45d635,#92f4d0,#779def,#038421,#38f7ca,#bcc4f4,#fff4bf,#a1f4a8,#8dd5fc,#0dad95,#77e5bb,#721add,#4bd6fc,#ef92a9,#defc9c,#e2a624,#0424ef,#56ea6c,#97d653,#2c3d9e,#76e825,#77efa1,#f92acc,#ff4cab,#5d7aef,#dced28,#51840e,#9dba28,#a3b6ed,#fffaba,#598bf7,#930128,#9a9de2,#e2d80d,#ea676b,#87f2e0,#4ae84f,#930b2d,#d11310,#cda8f4,#75d639,#e86914,#3fe291,#58f404
#f9b820,#bbc13e,#b57022,#6afcc6,#e2e549,#e5a389,#d2b6f9,#fca65f,#c1bdf9,#e87a61,#f2df37,#f9cc72,#8ac5e2,#fca562,#1dad59,#c15f2a,#7fefd3,#ea7872,#5dea6e,#93f2ae,#afd8ed,#f497d5,#f9c5c2,#fce9b5,#928fd8,#e28ea3,#9ed2e5,#b6f7a5,#e200b9,#ecf9a9,#9e0927,#f2cca4,#ff14ac,#d3a7e8,#ea52b2,#8f5ced,#d15334,#abfcbb,#3ce216,#efaac7,#8de896,#5670c4,#add8f7,#36bc6e,#f9d78b,#afea91,#e02177,#ceb11e,#8c46af,#9cfc9e,#406ca5,#ffab7a,#6eefb9,#d52ce8,#c1e064,#7c71e2,#bc4914,#a2bbe8,#3ac94f,#4fd17a,#9afc6c,#6ce241,#2a2aa8,#a8dcff,#f9b6f8,#30c1f2,#d829d2,#82ed76,#d6f9a2,#aa0118,#c95b2c,#39d673,#e57e85,#474242,#dca4f4,#f4eaa4,#70bad3,#c2c9f9,#b0e4f4,#e5331b,#6bf487,#d8477c,#991d39,#f7c279,#f44bc4,#d863b7,#c5ea3f,#e5bc40,#c574e0,#f7aea8,#96b3f2,#1d02d1,#ec1fef,#d0f9a9,#b7ea41,#b8ef04,#9576c9,#77e5b2,#7070d8,#f7a3dc
#a9d7e8,#db3085,#5def95,#093684,#bc8518,#d56aed,#e23f93,#30e57e,#5fdb32,#bbf7a3,#db170d,#3b06ce,#ea96d5,#bf0d78,#89a8ff,#6688c1,#fc4e8e,#1351af,#c911dd,#28cc90,#efaabc,#977ecc,#c0e0f9,#82b9e0,#eec0f9,#d659a0,#9bc4e8,#f27b9d,#e564c7,#f7c9b4,#65f7e1,#ea7ecd,#ff70a9,#f4bef7,#079950,#89e52d,#f4a1df,#cc9d39,#06777c,#4911c1,#34ed3d,#26cc89,#822bb5,#c99b46,#e276dd,#d1407f,#1de5a2,#d396f7,#c48ddd,#ffeaa5,#0bc40e,#b2ffd8,#f9c752,#ea4f20,#5bd8aa,#9dd4e0,#15b247,#b383d3,#90d1e5,#ce4437,#b0b8fc,#d879d7,#a7e4e5,#07c6a0,#edd071,#42edbf,#c41f50,#8ff7d6,#81c92e,#c44a54,#f49adf,#f7606a,#e825d1,#43dbd6,#dd965f,#e27380,#d96ee5,#9e57bf,#ffc6dd,#42f456,#f9f086,#ffb5b8,#c35fe8,#ff91b4,#d6047e,#f7b4cf,#eface4,#1c9aa8,#ed93a6,#78dd42,#ef43de,#97fce8,#e81e7f,#d32c6c,#efaacb,#ea8aac,#f7d371,#d84397,#3de287,#93f963
#f7b54c,#abe067,#e0a788,#5103bf,#cadb6d,#3149ce,#104b89,#9de858,#f45c3a,#2aed82,#ff7a9b,#0ed395,#ffdb11,#e3c6ff,#a5ffd6,#8438ff,#5cd6b1,#ede389,#fce694,#bbdaf7,#f44652,#f2966f,#f989b8,#67ef2d,#4dbc10,#13bf5d,#b5cdff,#b27518,#8fd626,#4f3cbc,#dd7cc0,#dda8ff,#11ddc9,#d63ed1,#1c3dce,#a88ee5,#f2caa9,#0eb2aa,#98c649,#f2b6a9,#9b95ed,#e5a0ef,#ab08d8,#21e067,#7be586,#e57ba4,#cf3fe2,#ba2d18,#db9fea,#9df9b7,#fce519,#ed10cc,#66f4f4,#e5c68e,#056e77,#d343ca,#6e91c9,#7156b5,#98f9e4,#4591d3,#ea8979,#5b73c1,#861fc1,#f995c6,#61a6c6,#e1c7fc,#146bc9,#9ae2f4,#d34c47,#1aa3a8,#60e5b4,#58e88a,#78dd4d,#c117a5,#b2a1ed,#ef979e,#399396,#a7f9f4,#d32ec3,#e86a73,#9fe87a,#ed2dd9,#f2e865,#dbbd3b,#ea96c1,#ef836e,#a5ffdc,#915eba,#4c8c0c,#d3c0f7,#7be0af,#e2e224,#efaad5,#fafc97,#3655c4,#9ff4dd,#e2c05a,#3e58dd,#c405aa,#ac8bf4
#ef8f77,#c96b2c,#f9ee95,#edb489,#c4793c,#d33051,#dd6e61,#eac4fc,#138baf,#2ac40b,#1aa33e,#6aedd3,#49d898,#84ea7e,#e27e7c,#890c16,#071cbc,#9df49a,#725dd3,#3f72a8,#d8b963,#c549d8,#3edd7e,#5486b7,#c6ff6b,#58dd5d,#650aaa,#966de8,#a96aed,#dd3e4b,#e514e5,#284296,#9bcbef,#3bc415,#918af7,#ea7edf,#e218c1,#64a5d6,#f944fc,#f9b8fc,#0d73a3,#8f6dc4,#146aff,#39bf9d,#52f981,#ffe16d,#ef8197,#286d01,#0bdd15,#ef539f,#4b7f06,#1f347a,#d9ef5d,#6ef472,#a6fca8,#7be59f,#e2c6ff,#2fed94,#ffc4de,#bf2a4a,#9fff8e,#294587,#f2e607,#a795db,#8b5cf2,#b1abf2,#870e04,#1dd3a9,#f93b91,#b0c4fc,#af7edd,#e5ea46,#b9b0f2,#a579e0,#965556,#e8280b,#aed33f,#3a037c,#b22b01,#90ed25,#818fe8,#fcf1ba,#fcde83,#73dd85,#ccd5ff,#5c53db,#12b754,#3e4ad6,#f961a3,#f2a78a,#103570,#6283d1,#3ed687,#3a7bb7,#3b5ec6,#f4a507,#db32b3,#45e825,#64c13f,#a999dd
#9e1809,#edc99a,#2a0793,#c12e58,#ce14c5,#c63136,#a0ea7e,#e0a04c,#bdd863,#472ff9,#d6ea3f,#e56e37,#b54e1e,#71d64d,#8d3dce,#f9eab6,#d87b02,#ffc9cd,#eaca93,#db8074,#badcf2,#ed9397,#8897e8,#60c43c,#f97fdd,#d6517b,#5aff28,#7558bc,#eda8da,#c9e557,#b2ffe2,#102577,#b8ed63,#eaffa0,#c97636,#66d69a,#ffe8c9,#ffd668,#91abe2,#47ccad,#605dea,#99ffd2,#db6981,#5ef9b4,#be60e0,#c758d8,#52c141,#7dce44,#387af4,#b53029,#e035b5,#4f2eb2,#08cc5d,#85ff4c,#e8458e,#bf1578,#f9f9a2,#31b9ea,#6ff2cb,#e81083,#af1c26,#dd8bcd,#4dc440,#ed4947,#3c4ac4,#e2b1ef,#5a20b2,#eac95d,#d243f2,#fc8523,#f9cfbb,#62bdea,#8817d8,#c43a00,#608e09,#67fc71,#a7db48,#e01470,#e59790,#f7beb4,#af1857,#c9461e,#c13c71,#0bbdc6,#34d61b,#bb7fef,#edd56a,#7dc6ed,#fcffbf,#33f733,#71e8aa,#d604af,#2884e0,#8befd4,#a7d858,#720e0c,#ddb530,#ff7a94,#f2a7ae,#36a6bc
#840330,#9ae560,#ca32db,#94ed36,#bf056e,#56027a,#a0f7a0,#8276d3,#c4ef97,#e2271d,#f96902,#9144ea,#1d9aa3,#dd2ce0,#b4f79b,#b8e83e,#4fccc5,#7eeaa6,#fce1c7,#3828ed,#988ce2,#7ded49,#8b22d6,#e8a4c4,#e595e1,#f4444d,#bc8031,#75f26a,#fce59f,#affffb,#88e8dc,#e0482a,#353899,#bcfc5d,#ff7ab1,#d2a2ef,#ceb1ed,#168c09,#9ef796,#61ed78,#68cdd8,#91ef3e,#8c1be2,#337a04,#94efa9,#83cad1,#c58bef,#7bef77,#7fcc4f,#83d644,#ffe2cc,#4613bf,#299ef2,#ffeec1,#3091c9,#ea9adf,#a5f99f,#b5f783,#e8da47,#bff7a3,#e552bb,#eded5c,#72c1cc,#6ef4e2,#d89a27,#2eea73,#cf9ae2,#e925f7,#dba269,#fce9bd,#5d09a5,#6d6bff,#19eabd,#37709b,#49fc6a,#bae27c,#9fea7c,#ddabfc,#1924c1,#e9a2ef,#b8f29d,#ef7fb9,#85b2e5,#2d26f2,#6bea7e,#ffddc1,#efe932,#439610,#1cdb1c,#35a3e8,#edada6,#41c6b0,#d089ed,#4bdd77,#109992,#ed90b2,#e0a079,#6c259e,#c99a0c,#fcde71
#adfffa,#ea07e6,#ebff7c,#51f770,#03a516,#ba801d,#e2a844,#f4c35f,#4fccc3,#43f24c,#19a2b7,#c6b0f2,#29a014,#088c7a,#dd5a65,#cce8ff,#ba6205,#abb6e8,#5237e8,#45f6f9,#011d8e,#a8eaf7,#e88719,#ed7486,#fc9fc2,#c64605,#8f47e0,#50f404,#276f91,#e281c5,#39bfdd,#10e817,#0d6ca8,#f7718e,#9234d1,#edc09e,#d5ccff,#d82ce8,#d62cb4,#257e96,#6df751,#d3fca1,#6c00d1,#dae861,#68d326,#db78e8,#55bf3d,#41d3a5,#f9ed9a,#1ca509,#004b5e,#cdf46b,#911500,#342def,#14b768,#29c45f,#fc1905,#330d84,#d8527a,#8cebf2,#18db0a,#f2daa2,#2892fc,#82e258,#6be59a,#651189,#06967b,#224b91,#a33c10,#ce2d53,#f4de8d,#94f76a,#f3ffa0,#dfb1f9,#5bed25,#13c124,#fc83c1,#ea9ac2,#79a308,#0f7504,#70cc1a,#c4f7fc,#ea35d8,#bf8303,#ffc6d8,#af2b32,#b3ce46,#fff377,#3abc52,#2920d6,#2b9cd1,#efdf94,#87edd7,#ffd5c1,#93a51f,#7550d3,#e0b67b,#a9a4f9,#51d688,#17567a
#36c100,#d5fca1,#b2adf4,#abf957,#1c8e0c,#c586e0,#a300cc,#5563ba,#d81a13,#e567d8,#c5ffaa,#f4b1ab,#27b288,#c0b9f7,#58d363,#ce8dfc,#b1b3ed,#7ea2e5,#f9c48b,#e87a7c,#e8c30b,#ad65ce,#235d7f,#6677ff,#ef6bba,#7184e2,#dd8ff7,#32c62f,#40990d,#27ad77,#b5e7f4,#cffc94,#916cf7,#fcd032,#6fff02,#38fc2a,#f400c7,#f9f198,#baffa5,#d36354,#a20bdd,#545cb7,#cc493d,#7c92f4,#b4aaed,#d64256,#823635,#114a9b,#99e55b,#f78af5,#f9c0d9,#cd21ef,#ebbef7,#f9bdd1,#a0d65e,#1baa97,#5fddd3,#77fc5d,#95ede8,#b6fc5f,#189ca0,#d891e2,#e5b592,#f2b0ce,#e16dff,#bcd337,#7ceacb,#f989ee,#db8072,#471f96,#b918ce,#4db3d6,#1c7fb5,#cc4d30,#8af257,#f246e9,#0a2d7f,#dd7e9b,#b5ffb2,#1f9b0c,#aefcec,#6247d8,#ea31d8,#791abc,#82c13a,#1ca02a,#e87687,#e261a6,#83ef90,#d478e2,#1b539b,#93dce2,#70ea7a,#90d130,#f489ab,#d16327,#9b5db7,#ff7ce2,#eda682,#83ef1f
#98f2dd,#8ffcae,#ef92b7,#ef62c0,#3dce81,#9f8fd8,#e9fcab,#ea190e,#e298ce,#80d1f7,#9ee00f,#8a4cff,#5048a5,#fff2a0,#f4b7d9,#ad79d8,#f7e7be,#f98f8b,#bc7c38,#f7f78a,#f2ffb2,#21baa5,#1d7d8e,#d9b1ed,#47930d,#b4dcf7,#e8ad8b,#59d193,#81efbf,#cc35ff,#bcef7a,#42f459,#11a2af,#b5b1f9,#61edae,#db6a62,#12afce,#2905ba,#b73555,#e7f47f,#2cc9a7,#7af429,#b72d54,#e53bd4,#fc25d8,#db4cd8,#f96c2f,#64e8ef,#1f22af,#8b59b7,#1e4c9e,#efcf1a,#378fbf,#9983ea,#ff63c3,#ce5edb,#5bd854,#048c06,#ffc677,#bebdf9,#c08ddd,#d1171a,#ddb92a,#ef5fb8,#fcd64e,#ff4ce7,#8638c1,#0eba33,#db1c2c,#ea024f,#a9e57b,#63eaed,#265d93,#ae68d1,#f4985f,#e21884,#63ed83,#e088bd,#98dd75,#7361f4,#ff778e,#fca758,#191b8e,#86c61d,#fcecb8,#2fce84,#e00d06,#1ff4d1,#e88720,#fcc7e3,#086ba8,#8ee840,#a8194b,#ede050,#28788c,#99e079,#cef990,#b9b1ef,#d145cc,#f45087
#f7dba0,#0f787a,#63e8a8,#8fa2d8,#097a27,#0e7cd1,#3a90af,#e06b83,#15d3ca,#8ef2e1,#259307,#c193d8,#2eeab8,#f26db4,#28d315,#8f21ef,#9dd65c,#eeef8f,#75acf4,#dbff9e,#f9f95e,#e09762,#ba7901,#ddba39,#19a06f,#f29379,#d348db,#87ffe3,#0b1c7c,#ef9351,#ef5359,#6313d3,#11f943,#d323bc,#10d0f2,#a4a1ea,#f9908e,#98ed63,#c527dd,#e892a6,#d986e8,#a5244b,#60e5e3,#c1f48b,#edad5e,#87f2ab,#aed1f2,#c0f287,#6af26c,#2c0c8c,#e868e5,#f4f39c,#6aa819,#ed34a0,#f97ce7,#0584c4,#bc3225,#37d33e,#d3aef9,#f4e5b7,#0f7884,#ea8396,#edd20b,#c2dd6a,#e06806,#6af7cf,#5be5d5,#54ffba,#2f9fe0,#ff3dfb,#db74b8,#2a007f,#d86f5b,#7ee5f7,#66f48a,#c5aaed,#904cba,#5151c1,#bdeff9,#ce6c0a,#05b2a1,#80e58d,#0c8c63,#7ef407,#e57bad,#fc8a94,#d20de8,#6933dd,#82ef7f,#f0ffb2,#d114a8,#b1a5ff,#317396,#12a828,#4937bf,#72faff,#9186f4,#911f02,#e8c425,#d1408b
#1507b2,#9308dd,#a9fcf4,#c383e2,#b51c22,#f29dae,#c1f435,#6f44c4,#b70bdd,#fca9a4,#f49024,#ef8b47,#ccebff,#ff99a8,#3f9fa8,#b153ef,#be80fc,#b99ce5,#4bd339,#212dd3,#76e0d4,#61d637,#4fcc70,#9fe1f2,#afc4ed,#e57ec1,#c3f79b,#a80634,#b2ffd7,#a5c63f,#74b20a,#bf7c18,#b4ef75,#391bc1,#f7c09e,#f4f3a4,#44ea41,#ffa5e4,#bc1209,#be1fdd,#f4a4d1,#ce7e1c,#f6ccff,#da5bf7,#3ac7ea,#efad99,#ddd163,#5a75dd,#cb44dd,#ffbfd4,#7371d6,#9fea54,#e2516c,#ebf9a9,#e9f9a7,#aff9a9,#54d35d,#6292d1,#d149d8,#f47e69,#49cca0,#9df2e1,#a76ad8,#bff49c,#8f6ed3,#55ce48,#51d157,#6e99ea,#d84bd6,#c0ef69,#70e858,#d13a97,#ce0e14,#4cc948,#93c6ea,#d650e0,#b9f993,#b55a00,#2583c6,#20397c,#e5ae2d,#4d0877,#afffef,#4d8ec6,#f4c2a4,#7fe85f,#c60d89,#295bc6,#a7ba03,#8c60c9,#1eaefc,#234bed,#fcbb41,#9ff4db,#67d1f7,#99a0ef,#4178a3,#f745d3,#bcd6f4,#f2cf09
#8befbd,#8bc940,#7151ba,#d3b21f,#eac23c,#29db50,#1fb512,#e562be,#ffcfc4,#09a540,#d16819,#e892a4,#1aaf88,#47f747,#8af2cf,#4c72aa,#9effae,#d1299e,#f6aaf7,#5454d3,#ba055c,#e27fb2,#3828af,#47a4ef,#6dedd3,#b897ed,#aefcc1,#04d6dd,#e874e4,#1f840d,#5985d1,#6fcc47,#dd5484,#cef274,#98a80a,#a6fcc4,#ffd7cc,#e87dc0,#5ef6ff,#329906,#088c22,#10a870,#c2a8ea,#f29bb2,#8ef9d0,#4772d1,#191c75,#61ad14,#afaded,#106796,#6d08af,#7848bf,#2aaf83,#719ece,#dd2afc,#3f1eb5,#f7b9d0,#7990d1,#f9c2e2,#04f2ca,#cce7ff,#e5008d,#b3f9f8,#3212a8,#8ccfdb,#ef8051,#e176ed,#ed47d9,#33d11b,#ef9a69,#156270,#ef34ec,#cc5704,#ffddcc,#f2db74,#76f2b6,#38e25d,#8afc9f,#63d82d,#8df966,#d6488a,#dd87d3,#fc251e,#00bc9d,#642796,#1e1a7f,#d296ea,#e8c168,#f2a4d7,#d4f453,#8c0f13,#294c84,#fc988f,#6757c1,#96ff84,#d2a8ea,#bff232,#9891d8,#05c4c1,#b73155
#dd4f5e,#e06fed,#040493,#dd5aa5,#f28509,#85ea67,#3d43ed,#525df9,#0c0f8e,#e5c070,#62f762,#c7d1fc,#d7ed36,#f9cdc2,#efc0ae,#7728b7,#3c4dad,#f4af97,#45d84f,#9af783,#d16f14,#f7dcbb,#4bf948,#ea646b,#aaa6fc,#dae234,#f4ffa8,#fcf78f,#a146dd,#e55919,#cef90e,#bf6a2d,#f79eae,#f95eaf,#4644ba,#20b5c9,#1fdd81,#11d8ad,#b2e5ff,#f2a168,#174677,#ce126d,#dd8af2,#1ebf6e,#a416cc,#ad58e2,#3d89f4,#ce3d72,#f98bb2,#432e96,#67db67,#fc62c9,#d32651,#8c8cd8,#f7ec8a,#5dd8f4,#dda937,#99bddb,#d37904,#3f007a,#1b6684,#7bfcf6,#6f4fc1,#6ce053,#75f497,#e51d59,#ef64a5,#ba5203,#a59ef7,#f27c5c,#af3b33,#5c7ae0,#97b9e5,#bef49c,#06db86,#e2d40d,#f7bdb4,#a7f9b1,#385293,#7ce298,#25dd9d,#ea389a,#aae6ef,#f96d6b,#1c707a,#194e72,#afa1ea,#5162c1,#d36e26,#aaffe1,#c4293d,#8beeef,#b27cd3,#f4695a,#7bf7f3,#6acad1,#c990e5,#373ec6,#edaaf7,#5ffc81
#2cba65,#59d8ff,#35bf5a,#02ed19,#6eb7c9,#3f820d,#a2f99a,#56ef6d,#c15c0f,#dd7a8c,#51e6f7,#ffe9c6,#6063bc,#007c0e,#ed4272,#4fc8d1,#ffcec1,#1dafe0,#acf47f,#37058e,#22a543,#db6c5e,#171d70,#54e587,#e5c962,#c7d4fc,#7af1f9,#21ff97,#a9e246,#c3d666,#34d3be,#97ef1c,#f9b1f7,#2240d6,#bc3029,#c9f29b,#f4d79c,#d841bf,#1c066d,#c9f7a5,#40d695,#9df298,#94ea09,#bc6967,#0250e2,#8ceae9,#e510da,#e8d31e,#559ce8,#f9e8a7,#83bfe2,#ffccf4,#61c9ce,#c5e266,#e5b58e,#ba283c,#f774d2,#11ffeb,#56ef96,#85dd2c,#47c42f,#8d990f,#60ce56,#ccc502,#3be5df,#ce3b48,#6cfcc0,#39c2ef,#b8daf2,#c12a39,#e22dd6,#ef9bac,#7c6be5,#5dcc35,#fcfc6a,#4df9ee,#1e2299,#c0f466,#42c470,#ff9b8c,#b121dd,#9aea91,#43d3a1,#db65ed,#d61344,#9732db,#b38bd6,#afffcb,#52d8f9,#f7e3b9,#3dff5d,#cc4316,#f4846b,#06676b,#efeb7c,#5f23a8,#bc7700,#53bf01,#7780dd,#93ce25
#5cf2d6,#04a048,#fcabdc,#d15634,#353d91,#c9d617,#b2ffcc,#f9b7b1,#f98eed,#1e2789,#568401,#f7dda5,#d6745c,#e86382,#b82eea,#98f2cb,#7ca0cc,#2a7299,#cc1839,#bce4ff,#d82bc4,#b8dd58,#9a85d3,#fccec7,#f036f9,#3cfcbf,#f9d88b,#fcc4ca,#f4cd70,#7be59d,#b76bf9,#52208e,#fce4c7,#99091c,#7fe08e,#d545e8,#f959a4,#6fb6ed,#d1e261,#803fc1,#fff8bc,#6a89c4,#f7c6aa,#edb9a3,#b5e800,#bac6fc,#d066e8,#c3fcab,#e9aef2,#1e91d8,#deb6f9,#502bad,#36c978,#776ad8,#f9da84,#d36243,#f98ee4,#3c78a3,#f7b4da,#1daa40,#ead591,#52d395,#43d37a,#e0f99a,#dd1f58,#91f28a,#abfcd0,#f9367e,#be8bed,#f2963a,#d7c6ff,#1da501,#b5c3ff,#fc92d9,#d865bf,#e07b8d,#aeef4c,#77f931,#c17400,#9af9e2,#4297bc,#80b8ed,#3615f2,#54f28e,#f9e0bd,#899313,#a211db,#f7e194,#f98ec0,#b5ff7c,#f2aed0,#5dfcf4,#b093ff,#71dd8c,#68b8ed,#ccdbff,#e699f7,#74e0bc,#c3f48d,#f0aaff
#1ea881,#edc050,#ea98b7,#efbaae,#f9cfbb,#c3f709,#575bd1,#b40ddd,#07b0ff,#6671d6,#d88a36,#a0ffda,#ba4f2e,#f7866a,#d9ccff,#8bf995,#5c02db,#4101a8,#db05fc,#1724b2,#74bcdb,#647ac9,#caa1e2,#c5bffc,#03117c,#e5505a,#f2d298,#36d19d,#cc7141,#36bc92,#e8207a,#3383a5,#cc30dd,#4691ce,#7fdb55,#5288d8,#ad340f,#2e3191,#45f215,#b9e2f7,#4d76f2,#8b16f9,#efbc94,#edde57,#af352f,#b9ea69,#1751b5,#7a89d6,#393bb2,#90edb7,#fcd150,#d67b13,#eaa483,#1d88a5,#04d331,#af9eed,#1782d3,#fceda1,#4df909,#e59ee5,#d9f29b,#5ddd1c,#d1492e,#cb84e8,#57d190,#f4a1e9,#87e5ca,#5cef51,#ef83e1,#d0ef6b,#dd82e0,#b2ef39,#f9c0d5,#d112c4,#ef53e7,#749fe0,#fcaca6,#5ca6bc,#9dc9e8,#6404f4,#d350f4,#f981cf,#d6804f,#2cb27a,#bc8e31,#efea53,#f42787,#e21bb1,#124f82,#6bdbae,#2cba88,#0a0101,#c5fc8a,#94a6fc,#cdfca1,#7bf783,#c162db,#997dd8,#0cd1a6,#f7beeb
#ebadff,#03b535,#9366c4,#fcbdc0,#ea8707,#72db85,#7cc647,#e8e125,#96f7cb,#15f245,#c3e88d,#b5f5ff,#b25221,#0d10c1,#a4e283,#f2ab6d,#90f4b6,#efe74f,#ffcb21,#68f972,#aff24b,#c9425f,#cec9ff,#7e86d3,#d8f7a5,#63d3c0,#d8f265,#d6953b,#b7e2f4,#c8a1ed,#f9c7ae,#e0b66d,#7fb3e8,#e256ef,#99ed23,#55db9c,#d639ce,#f720b6,#c9792a,#ed825e,#eddda8,#1a4ea3,#45d624,#b9fca9,#7ed345,#e28a91,#53e87d,#4ea7ad,#76f276,#51f92f,#afcaed,#0f0cc9,#057700,#020675,#efdd77,#f9a545,#f213b3,#e7f287,#a5f7dc,#ea3023,#ff3d3a,#7545c1,#3ea4b2,#172b7c,#70d1ff,#edd787,#bac1f2,#aaffcb,#5687bf,#ffcea3,#c0ef83,#58ddd2,#c6c60d,#aacded,#fcf155,#73ef81,#0e7bba,#00e513,#c6c6ff,#4084c4,#8039a0,#7324f2,#a987db,#f9c9b1,#e4ef6e,#ed95c7,#38eda8,#af4426,#98f2d2,#efb1eb,#fcf297,#15c47e,#bc0d7c,#ed1242,#aefcf9,#f7860e,#8e95f2,#c46105,#76bbfc,#c7e7fc
#f45aaa,#9b06e0,#99efc8,#76db11,#dbe888,#2c078c,#b08fd6,#7cf9b9,#d67b4a,#d10c6e,#bf7a13,#28ef46,#3ff23c,#fcc2e3,#a7e2e8,#6934d3,#f9eca2,#f4d475,#fcb955,#d6f7a5,#1687a0,#9766d6,#87ef4f,#eeffa5,#70db67,#bc1a60,#c678ed,#26b6c9,#bd4de2,#c742d6,#d8733c,#db9f30,#5224a0,#8de8b7,#f977ce,#307204,#edcd76,#7addba,#91fc58,#ad89d3,#7ae8b6,#ea8954,#ebf7a5,#fca4ba,#1f0d70,#b788ef,#d8c2f9,#814baf,#27b56e,#f780aa,#d6b019,#963515,#961507,#d03bf9,#daff21,#97efc0,#abef77,#98abf9,#992fef,#18bc39,#8ce016,#078c8a,#e4ea75,#199e76,#ff99fd,#d5f29b,#12ed02,#95ed98,#ed97a6,#b2ffc1,#f26615,#f99e7c,#fc50b7,#c0f28e,#f922d2,#f7b2eb,#ffedcc,#bbff99,#a9f9c5,#a7d7e5,#7bb72c,#c5eaf9,#4ad624,#f484b6,#72c103,#bcd5f4,#ba6223,#6af7a0,#fceec4,#ea38a6,#9f63f9,#7efcb4,#b5aff7,#b1e02f,#86dd63,#9cd2ed,#a5ea85,#76e554,#3345af,#42ff7e
#261717,#13327a,#ffff7a,#e04eb4,#f4ac7c,#b9d3f7,#4dd69f,#e293de,#bafc6f,#eabb2e,#f46738,#e6f29d,#0fdd92,#031882,#9bf7c1,#ed0b74,#ffb2bf,#ffccda,#48ceb1,#d69b53,#98ea85,#d1fcae,#8f40ef,#d9dd58,#a8e888,#773ed8,#f7d1a3,#10456b,#b561ed,#f46ede,#b81dd3,#fcc6b5,#6ea80a,#5b98c1,#83fcaf,#ae02e2,#e236dd,#f90429,#d8fc7e,#e8c884,#25e873,#d6cc40,#8e45e8,#b1a5e5,#4a6ff7,#d32cba,#32cc24,#239918,#e560d3,#79fcdd,#541291,#e861c1,#199668,#edb061,#c03df4,#4b0377,#c92a34,#6de8e1,#ff828a,#ed076e,#0005a8,#b7cbf7,#3cce1e,#08b217,#9314c9,#fcccff,#a0221e,#f984ec,#34ea10,#da23e0,#585ac4,#58d345,#ffbc70,#176b89,#bf4d28,#7cea9f,#fcf819,#da5ee5,#23ef50,#c4e276,#b289dd,#d8c0f9,#5e57d6,#ff35c2,#efb9a7,#9def99,#f2aed5,#68c1e8,#f79336,#dd9c73,#f620f9,#586ace,#c91885,#edd68b,#31d6a1,#91bc3a,#1a3ba5,#63d896,#e5b870,#45a8cc
#ccefff,#eda1f4,#f4b0a6,#21d39b,#2b3d8c,#245382,#99e569,#34f937,#f2b3a9,#d64282,#92abf4,#9fef4f,#969ee8,#a4d856,#b094e0,#b2d350,#4c67ba,#e5acef,#2ad362,#b78433,#a8ea0e,#08a300,#9bf2e2,#1d377a,#5b5858,#a5bf22,#7f25c4,#18758e,#89e871,#e28196,#ccea8c,#d2f49f,#a1f794,#db678b,#e07d1a,#46dd3b,#000963,#a463ff,#a4e6f9,#d64aae,#1b4ba3,#6dffd8,#61e892,#0b8935,#6ec1cc,#bcb0f2,#db6943,#2dd6e5,#554bc1,#d32a38,#c182dd,#54ba07,#5de2ca,#de64fc,#89c643,#1f0e9e,#aaef97,#33a509,#43d811,#077c46,#a1f470,#db0f86,#652cc1,#c6e271,#e5ce82,#fff1cc,#78dd4d,#c61391,#55d130,#f9bcbb,#6077e0,#87ffd5,#91ea9a,#90ed5a,#f2c4ff,#ba6635,#6cf265,#6ff2cb,#bb81f4,#7b3cc9,#4b8eaf,#54099b,#e85ab4,#a7f990,#a82afc,#134ac1,#f282ce,#95edb5,#0bb761,#55af1d,#e590ce,#018758,#f975a6,#c94c82,#80ef40,#19c66d,#69e5a5,#db78d8,#f77b2e,#1000ff
#d352a6,#6ded97,#9bdd44,#6cbc2f,#ae6ffc,#e0dd47,#4858b5,#f751ba,#e20456,#848ce0,#2185a0,#c4aef9,#5dedf7,#49dd5a,#94e557,#efa2ee,#c029d1,#ffc4de,#15028c,#3636b5,#91aef7,#e81e7c,#b73c67,#8a59b2,#c96838,#f41d32,#f7ff16,#ba8f39,#007557,#a3ed63,#661996,#e740f9,#93a8e2,#01a378,#131bf7,#477bb7,#9de27a,#ed4959,#bf51ff,#53efc0,#f99454,#6879dd,#eac08a,#897473,#e9f46e,#db564a,#fa85fc,#380ef2,#23eafc,#73e2c9,#be43e8,#db57b1,#20d6cd,#e08104,#ae4ad3,#a9f4a1,#ce9146,#8fd11d,#d9fc99,#144b6d,#4434d8,#ba5734,#f2cf65,#69db2b,#f0f998,#abd9ea,#22b533,#893331,#cebf14,#b9f939,#ea2c9b,#e514bf,#c0ed93,#a8d7f7,#fcb5cf,#ad2647,#bde50d,#4816ad,#bdc8fc,#9172c9,#d6578e,#ea422c,#18bf6c,#c88eff,#dd2e8e,#cdef99,#102f82,#db6313,#f9dfae,#e8028f,#ff1c60,#d0ef97,#d80fc4,#3baa27,#e504da,#9a74db,#18bc31,#8fefaa,#f9cec2,#d931f7
#c95070,#f9d663,#6a67ce,#e57b92,#f9b6ba,#e88bf4,#d8201a,#e2b78e,#adb8ea,#e07bcc,#c27cdd,#d8e27f,#477ec6,#aaeef7,#c400ce,#931d08,#42c4c0,#e000f4,#d393ea,#e58772,#209999,#fcbdf0,#500575,#45c6b9,#ff42c6,#75ddb9,#efb8ac,#a4a4f4,#f7e0aa,#e24fcf,#6a3aa5,#f1b8f9,#0faf22,#1fd3a0,#e07b4c,#ffceaf,#e0cf4e,#97efd3,#b57f29,#7107fc,#f2a9c1,#e544a2,#a4bef4,#cea544,#f9e66b,#fcd6c7,#4074f7,#b2f0f7,#90e56b,#e281d9,#a017c6,#96ed25,#d1f785,#2085bc,#4a9102,#c9d7ff,#c5f9a7,#e251b9,#cc6d2e,#dd7aab,#96d4dd,#91eade,#7bed34,#7ff4e3,#0d9b25,#c6ef97,#ffcccd,#750eba,#aaef97,#8dd60e,#4479aa,#40a1c4,#08d6b3,#c920a4,#8c71c6,#07991b,#bc2969,#3aa3c9,#4497e5,#bae2fc,#2f3999,#262bd3,#ccf0ff,#573dbf,#c0d1f9,#afc3ed,#95daed,#7c25a8,#3c0dbc,#d88f08,#155a7f,#efa7b4,#ba2830,#ef69ac,#c4f1ff,#4e81d3,#f2b3d1,#e29241,#0b9da8,#6668c1
#e84c7d,#fce6bf,#c9545a,#d817d2,#9ba6e8,#93db6f,#68d32e,#f7e5b7,#f4ad9f,#a5f4a1,#83adfc,#92d6db,#3fff46,#9954b7,#eeef8b,#e881d5,#9fcff9,#2430af,#a900c6,#d86ea5,#3ceaa5,#f2c179,#bc2049,#c12c15,#83d7ea,#bc9321,#cc99e8,#bdff91,#85ea9d,#e8a9f9,#defc35,#d67d42,#20aa71,#c8f47c,#f489d2,#a8b21a,#75ea5b,#f2926f,#eaa49a,#3e8ce0,#107cc9,#b783d3,#9514d1,#c48013,#4fef51,#89f4a4,#ff9efd,#50c90a,#14a043,#ffa8e0,#fcd3b5,#a6e87d,#b87ff4,#d3770e,#d87970,#de76e0,#e2917c,#db85ad,#cb09e5,#fcc4d0,#c916a2,#50ff16,#25dd91,#c15d22,#ccdcff,#ed9f7b,#ef9d81,#0a9b33,#76d852,#ef7d5b,#efea53,#eabc98,#fcc4e3,#ba324b,#7fdd71,#d7f241,#841fd1,#f2cba9,#99d9db,#185add,#711ac9,#b7eaff,#ea1737,#5a3fb5,#6eb522,#eae472,#d1a523,#f79e88,#fff3bf,#f2cc6d,#1c2a87,#d9dd5f,#6d38b7,#e08374,#6dbcce,#fcc2df,#c44be5,#2c6dc1,#97f4cc,#2758ad
#91c2e2,#fce7ba,#f192fc,#02547c,#45cc67,#27aaa6,#f9a195,#0d1aaa,#2cf925,#e01dbf,#f9a2c6,#4ecc24,#f46483,#08a59b,#0e2f82,#bad0f2,#a7d3e5,#73ef51,#8d64ba,#f9ec70,#015c87,#960c0a,#f7a06a,#bae0f2,#ed82e2,#9bf7bb,#c1f9a9,#12ce3e,#69e0b2,#aeea64,#e8a0a1,#6276f7,#93ef8d,#a6fceb,#a9e028,#87acdb,#6c76e2,#c770ef,#42ffd9,#9db709,#e8d82c,#7a4bc1,#5866dd,#0225ea,#54d38d,#e582b2,#94c944,#97fc99,#d5ff30,#f774ad,#ffccfe,#d8b1f9,#ef4e21,#0e2af9,#44c9be,#16137f,#1dafab,#f27b85,#6ad8c0,#50e063,#23d387,#f4deb5,#c6353c,#3bc65e,#a3092d,#def260,#98f9d9,#b2000b,#b0d820,#2fb58a,#f2a971,#b919e5,#5458c9,#ffd8cc,#b954dd,#f99fc0,#17c607,#c7d1fc,#adb1ea,#3dbad3,#75f97c,#4db21a,#7edadd,#338401,#d1db62,#1f4cb7,#05ad80,#a177f9,#ea59ad,#67e043,#54d9f7,#7cd854,#bb43d3,#99f291,#f5c4fc,#9659e5,#e9ffb2,#f9c0bb,#9bf2bd,#574cef
#c8e585,#c9732c,#ed8d5a,#e191f7,#013ba8,#2d9b1a,#5d4dc6,#f9de45,#70e08c,#7e6bd6,#f7f596,#6ea7d8,#226a96,#6e389e,#f0f291,#5f99ef,#81ad13,#ede140,#b2caf4,#046193,#6330d1,#78d653,#ffe7bf,#5325dd,#7fef6e,#41f2da,#e5166d,#30c180,#f9a4c1,#f4c3a6,#008736,#c6355c,#d97be5,#85e2dc,#6ad8b2,#52f277,#b76a0c,#eac693,#d875ab,#d36d4e,#256291,#ffd1cc,#c264f4,#19fced,#ea444c,#efa094,#cbce1a,#e86a5f,#99d1ff,#f94de8,#93d7e2,#1a1284,#283fa8,#128c51,#fc97be,#e5c2f9,#e58110,#e800d4,#d66864,#96f7f5,#f7f78a,#dcccff,#6427c6,#d69b26,#5336aa,#3e9310,#3a95ea,#d435f4,#004ab2,#984cd3,#5fdd5d,#9971e8,#a7e8ef,#009ffc,#fc0afc,#213d7c,#ffac47,#70c13a,#ed5449,#e2be48,#913fcc,#7ad354,#9df2a7,#ef772d,#e8978f,#c16834,#80ce4c,#ffc3b5,#e3aefc,#e2788d,#eda6b1,#ddf7a5,#d62f93,#43f9b3,#af1558,#fafc6a,#434fa0,#f268ef,#3ef97c,#dc4ff2
#e579e5,#fc64ed,#7bf7bd,#b1d140,#ba11e0,#d6c13b,#ff828c,#b8f48d,#f2e89b,#a074e8,#fce0ba,#90dde5,#74e891,#b9db48,#aad633,#cdbdf9,#04f2de,#f2c68c,#194da0,#43bcbc,#7561cc,#71ed92,#9087e5,#cfccff,#e298d7,#3da4ff,#d0e241,#a7f9cd,#6ce29a,#8ab21e,#26ff05,#465baa,#0dbf66,#f7634c,#bf1385,#65b2ed,#78d2d3,#e58249,#761fad,#4c7bd3,#018787,#4cc9ac,#75d2f4,#7aea70,#fce9c7,#61d35b,#cc2a58,#e06dd3,#0e8465,#90b3f4,#d6c740,#bf63d8,#e89d8f,#dd8bb6,#83bed3,#1d25ba,#d1ccff,#47edc0,#5b27ea,#f9beb3,#75a5ff,#d85d29,#97c8fc,#405daa,#fff15e,#0cf286,#65d822,#edc068,#a9c0e8,#d8c624,#e6a7f9,#49d17b,#ef4374,#a8ffb0,#6695c4,#e5df77,#7be59b,#f7b7c1,#ffc6eb,#f2ad5e,#d86eb0,#9df796,#73f954,#e3f9a4,#cb65d8,#b883e2,#ed55e8,#d3ff9e,#3652db,#980bea,#d89e56,#c4363e,#f7a0c1,#91f5ff,#a888d8,#f23043,#b6f495,#18a352,#c60939,#4c369b
#9d4df2,#e25c34,#238f99,#f2cba4,#2c32dd,#d89ae2,#f9c377,#ebffb2,#a499ff,#ddf78a,#cc7fd8,#f4f765,#3dffde,#d31733,#ec99f7,#164c75,#9b87d3,#3780d3,#d0e266,#c656e2,#fceb6a,#e52c29,#91ed50,#fcc7e0,#d3be02,#f7a642,#37840e,#d664d4,#efa99b,#241de2,#1f8409,#db5cb0,#bf9bf2,#e2c146,#9dba0e,#d740f9,#56bcbb,#f2e752,#0f7ebf,#81aedb,#0bc13c,#037251,#f9dfb1,#fc53b8,#f4f42e,#609900,#9dba2a,#d1ed90,#fc80f0,#bff97c,#74a306,#9563f9,#f2a9e2,#b9e1f7,#ef43ad,#89bc12,#98ea8a,#09f4a2,#9bbc16,#e2ed0e,#b72a5e,#1aafad,#f9b1c1,#b55b01,#8ad611,#5639f9,#a4ebf2,#e8b427,#13d38d,#f7915d,#f7131b,#b997e5,#5635fc,#f26f92,#e6ff6d,#ccd7ff,#2128a0,#d64c02,#f7c83d,#c16a3c,#e56e82,#f4a8b3,#2de53d,#1cb3ea,#55e0c6,#efb283,#b0ff28,#db0407,#f9870c,#86cef4,#5670d8,#dd674f,#5ddddd,#539313,#d15c7b,#dd8673,#bfa9f2,#6c3fba,#9bf78c,#ffbae2
#c0d8f7,#a364ef,#763eb7,#12277c,#e5a0d0,#f7eaaa,#c1f96d,#3d85e2,#63b3d8,#52229e,#93beff,#e5a885,#f733b2,#c95052,#bbffad,#3a48ad,#71f7d5,#0267f4,#97e87d,#f2e78a,#6ae86a,#60d689,#cced55,#57d16a,#5261c4,#179345,#86ce52,#95bf35,#cac1ff,#cc30c4,#e59664,#a1dfe2,#f7e085,#dd4477,#b2ffdf,#176a9e,#d08ef9,#3c39a3,#f469f2,#dd02a6,#cfe878,#e57087,#bde57e,#41c679,#a82b26,#d6f799,#5d9114,#dd4739,#44ed44,#e871e0,#72b722,#5b1819,#c7e7fc,#e2df22,#b1b8ed,#495cb2,#75f9e8,#ffcce1,#c215f2,#6b11bf,#30e880,#b2ffeb,#cca3ed,#cfdd73,#3625ed,#bef293,#e0d36d,#bf8d31,#4cf22b,#94d132,#a957d6,#4ee0c3,#f45f9d,#4950d8,#e83381,#3ed648,#bdf464,#f9bdf4,#afc5ff,#f75477,#efb062,#16288e,#7842d6,#150370,#304eba,#b18bef,#b3d2ef,#52890f,#f77bea,#f2756f,#addd6e,#d86ca9,#a3063d,#29bc7f,#6e9316,#2dddfc,#c96edd,#566bbf,#94ea5b,#b75a24
#d1293a,#083570,#db9ced,#8cdb48,#c89be8,#8cf2a5,#efaabc,#d134cb,#1c59af,#c6e577,#4582a8,#bd31d6,#f9de9d,#ebaaef,#0c7f36,#04c93f,#fc6cce,#df65ed,#65ede6,#ffa6a0,#03647a,#1762ed,#f7f29e,#19d6c9,#549e06,#eef9a2,#e7bafc,#e86aa1,#c2ed36,#efdaa5,#9d68f2,#c990f4,#ed87bf,#d5ef51,#500f89,#9a6add,#a9a6f4,#fc85d8,#18cc45,#aa52f2,#ff99bb,#ac7adb,#db0f7c,#dd4dc3,#a274f2,#bcf9a7,#1aa304,#8356ff,#51f945,#6501a3,#004b60,#52dd4d,#b1e067,#f27489,#78d155,#bc2f12,#d8a558,#b2e281,#93f78a,#079b36,#9dbdea,#ed5599,#e589c8,#fceca6,#a5f7af,#ffbf91,#2a2de0,#db845c,#0027b7,#bf18ce,#ddbd6c,#51a4d1,#eadc7e,#1e6ccc,#b6f780,#ba88e2,#e86e6a,#c255f4,#aefcdf,#f2ae5c,#df34f9,#e8cd84,#53b509,#e5d170,#6bffcb,#d35d6c,#077a26,#1d1189,#23358e,#e0535a,#0632aa,#0f75bf,#95eda5,#bbff99,#278206,#7e5fc6,#f9e5bd,#c57cef,#d350cf,#eda6eb
#2a788c,#ccdd08,#f7e2a3,#f4b2e4,#18a079,#c45233,#c95070,#f9c2f9,#71f45d,#ab5dea,#72ed5c,#2a52c9,#4aea38,#1aa9bc,#e2635d,#c2ffaa,#fcd0c4,#db9b5c,#f9f7a9,#35e0c6,#4aefe1,#6fa7e8,#2ed125,#364396,#2be5c6,#ffa8d0,#8feadb,#e070b5,#e3a7ef,#9b3104,#d1108d,#7488c9,#d60a81,#7fe8cf,#5137c6,#96cfdd,#e2938e,#d33f9d,#7ef469,#e5c9ff,#e041b5,#ac25ce,#238289,#f7efaa,#b52955,#09a37a,#f252da,#14a03c,#b78624,#f4b169,#e86a40,#d1bf1d,#e6ea8f,#9dccf2,#e5b68e,#f446a6,#6cc6f7,#ad33d6,#d8c217,#db6d92,#baff7a,#b1f99f,#15bf83,#701615,#ba82d8,#ba69e5,#d4e569,#75bf2f,#ca8de0,#ed318c,#44fcc8,#b9ff51,#51e004,#40b3d6,#f7a29e,#e02124,#fcf997,#ed55b5,#f4b7c2,#d8841e,#ce37b5,#f2de85,#a07eea,#c4e0ff,#0eaf31,#6889cc,#3466af,#bef6f7,#0eea24,#c2abfc,#025ee8,#ba374f,#5f21bc,#0943e2,#cb6fdb,#d8e866,#c10805,#48f986,#ffb9af,#83b20c
#beffa3,#b34edb,#78e89f,#9ff4e9,#d585f2,#95f4a3,#a8f29b,#deadf4,#e8ca96,#e08dfc,#6b80e5,#aa9ee2,#6cc637,#c3b8fc,#b8eff2,#55ba34,#f4b7da,#3567a3,#6add83,#21b1c4,#f24fb1,#69d642,#9df9d0,#e08de8,#0d5487,#90ce2d,#2b89bf,#2ce0d4,#ce6f2f,#7a1e1d,#2e12ce,#42c4a3,#7819a0,#c898ea,#b2ffa8,#88dbef,#f2abd2,#1dc650,#b78c37,#5f91fc,#e892c9,#0a10cc,#e2db0d,#8ef99a,#e5ba8b,#37e568,#83eab1,#d5fcae,#ed40b0,#7175c6,#2b8bbf,#f2ee07,#56ef53,#d18d2e,#bdfcab,#d2ed5c,#fbccff,#e09264,#c95a2a,#f429a0,#b5b1f9,#0f0689,#f4bd27,#5d00a0,#8cc0db,#f4b6a6,#015472,#35d604,#6d03aa,#e0a44a,#c150e0,#82ff44,#79e0d9,#054070,#af4031,#84ff9d,#a7f9a7,#84f4a4,#e0810d,#f780dd,#ef7fc2,#5392b5,#4aef55,#e0baff,#08ad52,#ade1ed,#f1f959,#c6c7ff,#9ca3e2,#f9d3bd,#279696,#9618f7,#a9ce25,#a5f7af,#a4f99a,#e02365,#7d24c1,#ed616a,#ed34ea,#f243f2
#189696,#9b6eea,#88ed49,#4d46b5,#f4cfb5,#f95616,#2f1d7f,#f9bde8,#3d4abf,#c13819,#95b1e5,#9e0d00,#c8db74,#f46e94,#86f484,#4cdb1c,#affff1,#ffb9b7,#a0e069,#c7ccfc,#f998d7,#b53634,#8323c4,#c9a9f9,#f43a97,#3360a0,#e0e26c,#4ed3b8,#55b8d1,#ea9dd0,#c6ecff,#7ac0d3,#d3d841,#012466,#aef9a7,#40ed59,#d65920,#a1f4f0,#d48aea,#fc1187,#1a6bc9,#093c96,#d2fcab,#db53bb,#eab01c,#c0e4f7,#2dd860,#9ddd73,#d85f7d,#f4e804,#cb92f4,#fcf080,#f4cba4,#1bc68b,#23eaab,#33e22d,#8e62e0,#54ba32,#32e6ef,#27c4ac,#f453cc,#b0d7f4,#ce6f2b,#b619c4,#cfaef2,#d8870d,#b73b28,#3880b7,#873ae0,#3b5fe2,#9af995,#f5f771,#edf298,#6ffc78,#c9049b,#97aaed,#eebbf7,#169e14,#d4fcae,#e8b26d,#c8a4e8,#e5191c,#23bc3a,#eda3d5,#ddc882,#ef00b7,#fc64d6,#e2e23b,#8fe24f,#8897e2,#f4d7b0,#485ff2,#5e56f7,#33719b,#27f99e,#a6d1fc,#98c5f2,#b97edd,#9ee5e4,#d3635b
#6dad1f,#05bf31,#50c134,#d6b12c,#6c87d1,#bf1c5d,#f7b7c6,#148fa8,#d637c6,#bc8f90,#97f291,#7cf274,#f2a409,#a3e05e,#962213,#79d9ea,#ce3b6c,#e8abf2,#88b5e2,#d34a47,#db6d89,#f4f484,#d8d21c,#8679d1,#c6d6ff,#808ace,#f9ccbb,#e572ce,#cc5b26,#a4dcea,#d65e94,#204bf9,#3bcc6d,#68990d,#0d126b,#62db6a,#429e17,#bb7ed6,#93ede5,#e2908a,#b007c6,#2046c1,#2782dd,#ff72aa,#48dbac,#82ff86,#9cf1fc,#d8d21e,#33e04d,#ed9c9d,#4449d6,#7bd9e0,#ffc99e,#e0a367,#c3f989,#5bba03,#ea770b,#e021d3,#f28a8b,#304a99,#e21bc1,#3bf793,#1edb18,#e599c2,#bc0f63,#e06d81,#2af77f,#ea96c6,#82ffb6,#e56994,#ceba21,#4173f2,#e8c2fc,#fff2b2,#05aa4c,#4e840b,#ffcce8,#b99aea,#e0853a,#8e83d1,#73ddbd,#9ad361,#39ce57,#7f4af9,#c181f9,#ea53f4,#e93cfc,#4ac9a9,#4bd8be,#99fff4,#fcd5c2,#aa67d3,#23a842,#e2bc31,#e27175,#9effc1,#eda59e,#2dfcb7,#3265a3,#85f2b9
#d0d83c,#ed44ba,#e271a0,#438ddb,#94d1ef,#2badff,#5afc62,#b75103,#40d306,#b53039,#7cafd6,#2eabad,#0aaa6a,#207aa0,#c97c1e,#c995e2,#db7c67,#6cafd8,#c94e7b,#f2b0e5,#c88ef2,#db5eb9,#5297d3,#e2d000,#5573ba,#efcbaa,#54c3f7,#dd96e0,#af2f65,#7abcef,#0a7393,#dd19e8,#2b6f91,#f7b2e4,#b816e0,#40ef7b,#d6318e,#e04802,#ffff56,#dd49b8,#53b526,#d30e49,#6074c1,#0c7f1f,#a8f1ff,#ffcda5,#d7f79b,#68d6d2,#9da1e0,#2a8f99,#d3d86a,#d51cea,#8c1508,#ef9e34,#2101c1,#451ae0,#194587,#ffaddc,#0cce4d,#9252e5,#db6dd7,#ed833d,#c602f2,#894aad,#f7e6af,#df74f2,#2ef4b9,#d872aa,#113d8e,#5973ba,#0711c1,#6562c4,#afffbe,#adea59,#f99dc0,#c5c4fc,#a1b8e2,#2eddac,#10a34b,#ff2d65,#8eef81,#f49992,#aefcbd,#28b712,#ea64d4,#bdb0fc,#a7d1e8,#d3309d,#72b2db,#99ef9d,#38a517,#d50de0,#6eed00,#591987,#ef9e9f,#c98ee2,#a52f1d,#6108dd,#c61d2b,#db74c6
#ede028,#111870,#b497ed,#06ad1f,#a9fc9f,#725f5f,#4e71e5,#f2cdb3,#30ba69,#bfdd73,#36bc5a,#c64f7b,#0a396b,#edadd0,#33e869,#f72aaf,#f45900,#aaffac,#28ef8f,#ba612a,#dd85b2,#db9e11,#f9eea4,#3affe1,#147889,#6bf46d,#88ce18,#a50906,#3452e5,#2a3caf,#b7373f,#8187db,#db40ef,#58ef60,#dd6c8a,#d822d2,#b575dd,#ed578c,#f268a6,#b5742b,#2f991a,#f7f2a8,#c4910f,#6835bf,#37d341,#34749b,#b015f2,#21ceb1,#eacd8a,#d8844b,#10bc2a,#f7b9d7,#87d1ed,#f8c9ff,#d10422,#5aba27,#5dd865,#dd71d4,#d60686,#a7f49a,#6bf9cc,#b535e0,#9e2140,#99a6e5,#e35ae8,#c562ef,#5231b2,#7fffac,#57bef2,#ed656c,#d52def,#535eb2,#9ecde2,#631689,#efae83,#87d868,#7cff35,#0eba0e,#abd4ea,#d652ea,#fc7ba8,#4ad699,#11fc5f,#f7df56,#04a59b,#f490b0,#3615f2,#e89302,#8cdd6e,#b7baf4,#0aaa90,#fc8fe6,#ff289b,#51e262,#1133af,#7195ce,#9cc1fc,#6cc43c,#e3e55e,#4fa512
#52d3c2,#d858a5,#79d86e,#c41d92,#f7d283,#ef34ae,#cbffaf,#0ed173,#43a1d8,#d6f78a,#858e07,#611fc4,#894544,#b43ce8,#b45de2,#747dfc,#87e55b,#4460ba,#e532c7,#551cbf,#abf49f,#b3f49f,#8098d6,#3196af,#78cc4b,#d2ffb2,#e2c7fc,#9de57b,#741adb,#08066b,#88dce8,#5d45b2,#35cc83,#0f9b34,#42ef2b,#f9d3a2,#4cf7b8,#f4ab81,#5e75bc,#2303bf,#5345e8,#5beaa3,#4e4eb7,#7da301,#30e533,#d10ac0,#ce2364,#241df2,#aeb700,#59fc50,#d1a338,#b7aef9,#7986e5,#fff587,#d850b2,#b5c2f4,#f49fa0,#e28e83,#f9e46d,#e28f88,#f296ae,#262da8,#a6a7ed,#6aeda3,#b2e27f,#fff351,#e09170,#f2f241,#ef6962,#d30a00,#d6a8f4,#f3aff7,#113984,#91f2ab,#cc2c57,#4e5fdb,#51d847,#03ba31,#97f4af,#b8d361,#0fdb3b,#ad56ea,#b77905,#b21a31,#f77b81,#278191,#7abf35,#f7e2b4,#cce9ff,#c9684a,#c228ed,#85f430,#0a3b7f,#1c0360,#119e07,#af2ef4,#71a4e2,#e27e7c,#232982,#2101c1
#f4a6ba,#25197f,#f9bdc5,#f4b5bb,#4bd8b3,#e5ea60,#b043db,#d36394,#84b0ed,#a1f4ae,#aefce3,#1df9f2,#27840a,#205d8c,#e4adf4,#0cb5b5,#cc1c6e,#4bf492,#dd18dd,#f4ec90,#a6fc94,#4668d6,#ffab87,#9cfca1,#76f7ac,#ffedc9,#2baf65,#59a4c6,#42ed59,#6bf9e4,#0b7bb7,#685cce,#e8683a,#fcd59f,#3dd349,#1a60a5,#c95c34,#321aa8,#515fc6,#6c5bc1,#86f48d,#e28461,#fcc4a4,#e168e8,#abce52,#fcd876,#e5398c,#88ead3,#aeb0f2,#76c113,#d136b9,#c15e07,#84faff,#cf8fe8,#f49550,#6934d3,#6bea91,#f2c00c,#ddd239,#c85fd8,#3ec469,#2ec976,#249ad6,#9ec444,#fc67e6,#949add,#e8638f,#a3cbe2,#81f9b9,#86baef,#b3e4f2,#e552b2,#ccd33f,#ed6dd9,#ffaf9e,#ef9692,#3e21d1,#d86d5d,#dd5fd9,#49d86b,#f4049c,#d9ff8e,#bc3d0b,#f29da7,#f4e0a8,#fcbfde,#d66e5c,#41e28d,#3ec140,#a00124,#13f992,#22036b,#c98a88,#48dff9,#0ea383,#01525b,#79bf2f,#8eb7db,#02e06d,#b6c6f9
#777be5,#5ff4d9,#f796bd,#6cb21c,#7c9ee2,#7fa7e8,#a3d5e2,#e2a385,#d34232,#edc638,#ffadd6,#d2e572,#b31cce,#cf97ef,#021466,#f4a6bb,#f4779d,#ff70f7,#ef5def,#5562d6,#72c5c9,#c4cffc,#d1ce21,#4a59f9,#0bbbe2,#a0213d,#adffcf,#8868f9,#b28cf7,#dd884b,#06d347,#43f9d5,#f4dbb2,#7add6e,#301389,#f2a4b4,#d410ea,#118e08,#95c5e2,#f1f492,#2cba3a,#9df759,#b4dd5a,#35ba92,#52bf28,#e52920,#afffde,#ba25ce,#42e5ca,#d28ee2,#addb23,#193fe8,#73c3ce,#2bf27e,#f9489b,#94a3f7,#f43a47,#cbe881,#4af993,#34ef7f,#f796c0,#f23e77,#e6ef86,#27bc3b,#078433,#35c918,#e059bc,#60abd6,#deb7ff,#e5d969,#220e75,#2572ba,#afe070,#d7a1ea,#b2ffc3,#e48fea,#066ee5,#e2a253,#c6f489,#dd738a,#f1c4fc,#e83e47,#f4c8ab,#afe278,#74e08f,#68f2cd,#af75e5,#3d1e99,#3ce87e,#cccdff,#3d0a96,#e05ee5,#8fdd4b,#45e0d3,#bf3f65,#bf0d19,#ddaef9,#f7eb02,#ca44d6,#f2e987
#e6bdfc,#52db20,#90f9d8,#f9e189,#f0f945,#5e6ec9,#03a07e,#99ffc6,#c66523,#ff9777,#0cb243,#ef913e,#b22e1c,#afe8ff,#ea3c9f,#78bc1e,#a9ace8,#9f68d6,#7cf4e0,#49b2b7,#cdc7fc,#ffccf9,#7ac8dd,#fff1c6,#c90e46,#f0ffb2,#8873ce,#9fc3ea,#7ad117,#3aaf00,#1e51bf,#d81cbc,#46f2ad,#efaeb7,#ef9e6b,#8a5ce0,#714dc6,#5915a3,#93ffcd,#32ff05,#ccf48b,#dd39ca,#d78bdd,#fcc8c7,#e9fc7e,#7700e8,#649b1b,#546cc4,#4390a8,#490c72,#57e099,#f4ee75,#f1f780,#ea12c6,#f1f7a3,#2121dd,#d1f215,#92f4b5,#80f7aa,#85e5b6,#587c04,#e28596,#d0f9a7,#f4bb9f,#eda8e7,#d66283,#17c6be,#ce3631,#c12633,#b294f7,#f9d58b,#bad33f,#e7b0f2,#7e7dd1,#81ead9,#ff96be,#c7d2fc,#84ef7c,#09bc0c,#f9b6eb,#4daf1c,#f7dbbe,#f4b7e8,#2e8e0e,#dded07,#aff29d,#11a2db,#c133f4,#a9fcbf,#43d34a,#00f94a,#fcdec7,#b093e2,#0b0b6b,#789115,#7ae894,#ce35cc,#aa2a60,#e58590,#af3c0a
#14a035,#8eedbd,#b45dfc,#d1144d,#3a90e0,#dfff6d,#c0c3f7,#a9d868,#45aabc,#e567b7,#dbb164,#37ce50,#eaa4a1,#1d5fe2,#aaffde,#3dd5e2,#3e9e0b,#fc556c,#e7f9a9,#e894ef,#99f7ef,#7fc9f4,#7ae251,#f0f796,#f2817b,#aaed8b,#d12394,#bc7134,#d9f49f,#79d363,#62d6c0,#8f58fc,#a0c92e,#e89a96,#8f44af,#aa7fdb,#22cc8b,#94f26f,#e059e5,#36c8ed,#f9aeef,#ffc6f6,#f7fcae,#e8a04e,#cc2e95,#76edd3,#ede915,#152bd3,#c15c1d,#049b43,#04d65f,#d62698,#3fdba9,#96331b,#b1fc9c,#c9325d,#a7e1f9,#dd5e3e,#f43dae,#6ca31a,#fc8ac3,#ef45c2,#73f218,#61e25d,#eda3e3,#d69535,#99b0ef,#fcbacb,#e88bb3,#d67068,#37a3c6,#f2c779,#e5de77,#c5e5f9,#fff5bc,#a23bd6,#ed923d,#8a0dbc,#d0ccff,#89e5bc,#26e00d,#fc5f8c,#efacaf,#efbfff,#e579e1,#601f20,#86efa4,#8f68d8,#edc153,#68d8c2,#c69545,#dd8575,#ae83ea,#23dbbc,#d670ef,#ff8eec,#7de8af,#e577a8,#f9accc,#1f34f2
#e273bd,#0238db,#cc3706,#ba2a5f,#3220a3,#27dd9b,#b48ef9,#fcbdf5,#9f58dd,#ed5021,#89ff8b,#ae31f7,#70b9d1,#d39a28,#019e1e,#a57dd1,#1f8ec1,#95e256,#c0f78c,#fc2af8,#938c8c,#837ff9,#b680d6,#ffbd6d,#0971e8,#99c3dd,#72ed42,#b07acc,#97a011,#625dea,#ea93e1,#d6bef7,#dba56f,#c41527,#a8e276,#afe076,#8cf296,#6dfc20,#4dabb7,#c61b8b,#068c9e,#7f4adb,#f4b7c0,#0926c6,#87c633,#b25921,#3cc4d1,#a7b7f9,#e2aa38,#fcfc80,#b2ce14,#cc1628,#88eaba,#01756b,#28eddc,#239aea,#7846f4,#ce8f12,#a4ffa3,#87d86e,#db57d0,#b4ef1f,#81e84e,#a2d659,#ff91b0,#c676f7,#89edd5,#6a73c4,#35ff8c,#b57612,#dcc9ff,#bdf736,#fcbbb3,#9ddde0,#bc4054,#0a42fc,#ff9eaf,#87edda,#99af05,#7ace39,#5ee06f,#f7d042,#471eea,#7fdbef,#e93cfc,#db9d74,#6ffc28,#a1e863,#70efb0,#f9e6c0,#d1bf00,#e08dbc,#e8768e,#bafc74,#82a013,#3dc438,#6ed877,#f475dd,#f46b27,#ffafe3
#78b9cc,#bbabea,#bbe24f,#d8b229,#dff296,#aff779,#46cebc,#cfe062,#46f489,#f4d144,#9168d8,#f2dcb3,#7d61d3,#f7b2bb,#4ae8e5,#24db04,#ef47e4,#c42300,#008ed1,#5ace21,#d89897,#db7c6b,#45e868,#44fc84,#90f99d,#90f92c,#99d4ef,#3dcea0,#e02385,#ffbac6,#404bc9,#b20be5,#db7aa9,#14ff4b,#b3e0f2,#a844e2,#acd831,#4079ce,#fc7d46,#9e71f2,#adffe9,#c6890f,#d8a641,#9b3912,#adef43,#b99ff9,#04dd5b,#d78ee2,#db5c51,#cce6ff,#0ea552,#ef5159,#e2686a,#e28e9b,#41af28,#d65e57,#0e97b2,#e283a6,#1f910b,#f25ed7,#09c1ea,#e191e2,#03b286,#8feaac,#42bf37,#ac6ed3,#e8e120,#f9f91d,#fcc2bf,#e89968,#51d640,#71c419,#aeef99,#fc509e,#741cef,#77dda0,#8df4dc,#ce4321,#b2c904,#c0dff7,#dda45f,#4be031,#d86c97,#6bd852,#97fcd9,#471312,#78c134,#d8d849,#fcd7c2,#9af4e5,#f7b3b2,#8e3df7,#93edb1,#11a309,#f4ee77,#f4b5f3,#a0d1f7,#c0b8fc,#03c18f,#6cdda7
#defcab,#e1ed93,#1a0ba3,#9ae577,#d5dd7a,#60e557,#f9b2b1,#dda813,#0f66d8,#68cae8,#b4ef70,#fcf299,#d34119,#edb847,#f287be,#9807ed,#95ce4a,#54d8cf,#1dd12f,#fff8b5,#eaa6e2,#9b7de0,#3fdd0f,#0fd844,#2082a3,#6b3dc6,#fcdcb5,#8aea9f,#55e071,#59f2c1,#506dce,#c5f780,#30dbcd,#4498ba,#eda6b8,#ce2571,#fc7e64,#f794ae,#81ead0,#48c96a,#f46486,#b7fca9,#88fce3,#b4fc6c,#f756e1,#fc4d3a,#58a3f4,#edcb6f,#b2120c,#1bb59b,#aee26a,#f97c8f,#ed97e3,#e2bb0d,#edc897,#d66093,#6387e2,#d4b3fc,#e2d171,#fc8fc2,#1bbcfc,#edd176,#69ea9d,#1ad823,#d85bd2,#ecabf4,#d097ef,#fcc2e3,#eaa1b4,#b8ea02,#d9b5f4,#e84553,#bb95e2,#bc7b01,#bace48,#eaa89f,#e8baf4,#c9f6ff,#2ab29e,#7c36ed,#97cddb,#bfdd73,#e87689,#d17ce2,#d9ef8b,#99cddd,#479cad,#ff3fc8,#c3f291,#69e0b8,#ff60c7,#ed12a0,#8aaa20,#c65b25,#59f282,#d86eb0,#76e89a,#18427c,#68d8a4,#0b446b
#6ad8ac,#d3745f,#a467bf,#54f75e,#324293,#33c611,#c9eeff,#1bb75c,#edffa8,#fdff9e,#d86cca,#a47cdd,#f291ab,#47c639,#40d81a,#0dba4c,#0d8736,#f9bbe1,#94ef97,#ef0712,#5e35a0,#ce8621,#1193c6,#cbffad,#76e8cb,#ba8c37,#22e27c,#cc1234,#23af6b,#c1f765,#c61bbe,#fcc4c2,#d0c1ff,#fc0cd0,#0410e8,#6faa22,#f9c55c,#a1bfed,#db747b,#c1a7f2,#64c435,#efaedf,#fc9cd1,#eda6ea,#c64572,#50d375,#dbfc49,#66ffbf,#dbca30,#c872db,#1c2bb2,#21ce26,#f98185,#2e40c9,#e248b4,#80f7f1,#74db7e,#9b88e2,#f3baf4,#2346e0,#9885d3,#41fc47,#d5aefc,#c6d134,#74b526,#f9a9ad,#ed84b0,#3d0d96,#f97aa7,#98cde2,#e595d8,#f90063,#2867ba,#ba141f,#0e196d,#5853fc,#efeb7f,#7bfcbe,#429618,#888ce2,#74b9f2,#c4ce0c,#26af6d,#edff9e,#24e5cb,#8ded8b,#4d87b7,#9ec417,#f0ff4c,#bc08e0,#80acce,#2b96c4,#f9b3e9,#d337f2,#b16df2,#9ff9ce,#f9d1ac,#fc3faa,#23bc96,#252d82
#e59c92,#edd3a6,#01af58,#6eeae0,#fcd0b3,#84cad8,#83f95c,#1b7f05,#9e97db,#ea9da8,#0d0999,#db83d6,#84d12b,#f9b8d5,#ff637d,#8bedd3,#f7ada8,#9e20cc,#41db4e,#4181ba,#b51c1f,#2527a8,#a3f75d,#0eb782,#f41d9e,#77ea88,#aaea8a,#a5ffdc,#d130c6,#9589d6,#f4d524,#04dd4c,#beb5f2,#56a6d8,#a5ffc2,#02eacf,#9150b2,#df2dff,#efef4a,#d09aed,#e835b5,#7fb4e0,#779bf4,#991e20,#56c435,#98db55,#27dd7f,#8afcf8,#6a30a3,#ea7ee1,#43e0a1,#c6153c,#b500dd,#3bc6c2,#a0b8ef,#1869e2,#cf7ae2,#afd9ed,#bf095e,#edc09e,#f8fc83,#ce2968,#39d3cb,#cafca1,#188cba,#96a0e0,#ed63b6,#fcbaf5,#d8ef99,#2bc60b,#c1e035,#fc1471,#f9d998,#4908a5,#01b5c1,#9a94e8,#a8ffc6,#ef5856,#f4f9a4,#2923c6,#eaa6b1,#a487f2,#0871e0,#dd8d75,#10ead1,#63b529,#d3f9a2,#8ffca9,#905def,#ff30d5,#f799a2,#99b0dd,#7365d8,#ffadf9,#b2d817,#94e57e,#af151a,#b79cf4,#f9a4aa,#ed8b90
#169634,#b5f461,#fcc497,#ff2bc3,#f9b3ed,#88b7e2,#05aa94,#8e69e5,#511cbc,#bea6ed,#f0f78a,#95f99a,#f296a4,#3e9913,#e82777,#83d8f7,#65c4d3,#fff6ba,#db9e53,#e281ef,#6ae8a3,#b25208,#487ebf,#34bc7b,#44b5ea,#47d152,#95edca,#a6fce8,#8afc25,#ea997e,#76f7a3,#5190ef,#ddc34b,#9ee281,#e26ff2,#c629f2,#690dbf,#b2ffcf,#99a010,#e0649c,#317fed,#f70c7a,#af012d,#0d6600,#af96e0,#92e812,#e5dd6b,#9df29d,#9c50bf,#8cf7ab,#5fc0d3,#edb274,#71def2,#5aedb7,#b21823,#aadd0f,#efaab6,#0ba879,#d2a5e5,#f41f8d,#a5b22c,#d65404,#db9f67,#6326a8,#dd874d,#ffccf9,#dc8af7,#ef9ec8,#d8f7a5,#40f9c2,#fcc7da,#62e814,#d33240,#74e889,#9f8ad8,#ffd91c,#8c0023,#324793,#ccd3ff,#119393,#d811b0,#4ff275,#ea755b,#edf418,#abea67,#7dc946,#ce9d33,#3944ad,#507f0a,#cf2def,#49c66d,#60a803,#6ec3dd,#35dd43,#b4eff7,#1ea1b5,#61d3ca,#e278ad,#ffdbbc,#e54bdd
#f943ba,#e582b2,#669dd1,#04d8d5,#9c46c4,#edc380,#74a00e,#00d85d,#f2b5d2,#7a6edd,#cd3edd,#ae1fe2,#6166ce,#d8f975,#2e70cc,#049315,#6ec1e5,#a9fca4,#489ea8,#cc6945,#94fcd9,#09bee2,#bf620b,#25dd78,#e85fcc,#f9e4bd,#5e31ce,#f78a80,#524dbc,#8e4adb,#b8ff21,#83fc83,#61adc6,#d03ff4,#f7ec9b,#d38a23,#9ddb67,#fc2895,#7c8cea,#288bc9,#75c3ea,#ddda2e,#3a48a3,#d4fcab,#ef73bf,#efed64,#b2a9fc,#52b0ea,#9d78c9,#4b02f4,#a6e7ed,#d82457,#d5fcab,#65a4f7,#b5eaf4,#3d59a5,#d86f61,#154577,#73bfd1,#e9ed80,#1f2082,#69d651,#edc684,#5fdd65,#b671f7,#23a0ce,#ffcce2,#c6554f,#f760b3,#52f26d,#f931d8,#6e8be5,#c92edd,#a82b46,#844bd8,#a905c6,#975bd8,#c98044,#fc808d,#d6f760,#96d8e0,#16ba83,#ab62db,#d004db,#adf767,#6239d3,#5acc4b,#30f46b,#358593,#ea980b,#93f9d7,#a5ea19,#f4e21a,#5cb9e8,#f98472,#04a019,#72e0ad,#5e3de2,#dbd25c,#d6f794
#4af996,#91f7f2,#ffadf1,#21f2be,#f4a4e8,#db6fd5,#15006d,#ef32d3,#f29db6,#8927ba,#027752,#eae383,#a2ed82,#c5e4f9,#f9d3ac,#969ef7,#f7a8aa,#dea1ea,#d1adea,#63c93e,#aadd5d,#c8db1e,#1de2c2,#6b7200,#e2aa88,#41c9cc,#e9fcab,#daea8a,#58ef8b,#76fcbe,#c62354,#843ddb,#23088e,#ffb5eb,#40589e,#d69040,#33ea7c,#1124d6,#ffb79e,#d112a4,#b689e5,#a6bf35,#d67d46,#dae23f,#0fce0c,#e89da1,#ea673f,#cc0256,#45f9bd,#e8a4a5,#ce1436,#a6d635,#f204c2,#e2933f,#3b75e2,#73e1ef,#73e1f4,#7d45bc,#1fff1c,#7d56bc,#49ff62,#c5dbf9,#3fadba,#f747f7,#aced93,#b53d32,#bf2654,#f7f799,#f77985,#e2b4f7,#dee853,#c67e3f,#f7b4c8,#6bc4c4,#e2f29d,#6d45b2,#73ad08,#fc19f8,#02aff9,#99ed68,#e88ba2,#54c8f9,#96dd1a,#dbb0af,#39990d,#a2ea8c,#73d86a,#d62cb9,#37dd16,#349ea8,#cb51f7,#85e5c5,#0a9655,#a00922,#509e03,#ce524e,#8fe580,#4fd61d,#7fa50d,#5474bf
#abfcf7,#e206c9,#ff3549,#f3ff59,#f77c11,#db5377,#81aedb,#e29d34,#f43f2e,#e532be,#d799ef,#82dd44,#e2cf4f,#b3f799,#f47a92,#e7ef99,#b106e0,#ea7ea2,#44ccea,#c2dafc,#bae234,#a4fcbe,#05755d,#47c3cc,#037734,#e57ee0,#bacaff,#fc71fa,#43d3b9,#718cf7,#c0ea64,#40aaed,#8feac2,#ce5412,#106593,#e9a9fc,#c1134a,#35bf63,#35e0c6,#ed2835,#21b28b,#7fc435,#d33f9d,#88fafc,#fcc1a6,#ed8a28,#f9d8c2,#f7e08c,#cff785,#ff8ee8,#ccd363,#11a07f,#7779ef,#254daa,#bef7a5,#7a32e5,#dbb867,#5fd3b0,#f458d2,#989ae0,#fabdfc,#f796ec,#b3f968,#9818f4,#d82f49,#bbf49f,#eba1f4,#ddb15f,#bfd4ff,#9cf4b5,#e04586,#adf7a3,#ef8b8c,#65c641,#dd40a4,#db8ee2,#a64ee5,#7af458,#87aeed,#edac63,#748e0c,#6dc9e0,#73c8dd,#80d313,#6ddb8a,#abfcb1,#68d666,#5fdd6e,#c46038,#0b2891,#97ebf4,#a2e266,#7fffe5,#429e09,#edd59a,#f430b6,#ffe5c6,#b7e285,#c82cf7,#7ba2d8
#58e04c,#ed761c,#00476d,#d30e39,#7dede3,#e202ae,#f47ade,#ecff91,#71ed7e,#1a9b63,#fcc7f8,#8c0a01,#fcd88a,#111875,#df32ef,#a9f9d8,#a5f7e2,#9ff4ba,#138e13,#e2f98b,#8dfcae,#d84231,#367c96,#50b3ba,#f4ba7c,#3aaf0f,#7fa0d1,#b3d863,#27b240,#ffcced,#9009c1,#f7f585,#0ce4fc,#f9bdd9,#0dc5e5,#a9dbf9,#d1841f,#cef799,#d1c5f9,#adffbf,#4644bf,#db368b,#e23dcf,#a82835,#0c3a68,#2d6b9b,#ffc4f2,#075ef4,#6baf26,#22609e,#dbf296,#a06be0,#ba0719,#c827dd,#2a5096,#1fb6c1,#78e2ab,#1984ff,#e088d3,#37a8b2,#dd7a9e,#86efec,#805dd3,#edb25a,#72d14f,#d59dea,#2cf7c1,#6be075,#778cd1,#e8c076,#fcaee4,#df44ed,#b54a39,#96f2e1,#cdf49a,#f49fc8,#cefcab,#f213b3,#d8b32b,#97efb6,#aaf497,#49ddc5,#2cba60,#a00b2b,#d432fc,#be4adb,#1a7dc9,#ce4c50,#ffbda5,#eef998,#dd6c94,#96e853,#52d854,#5c72e0,#d64ddd,#b1f785,#228893,#e04aae,#7ee861,#fc88c6
#c9f298,#a1b1e0,#bccef4,#f2120e,#10a047,#4e1bf7,#26ef98,#71e8a8,#6ddb89,#6669c1,#a477d8,#cc4b67,#8dfca9,#9655db,#00cc8b,#d1dd75,#aaffdb,#db45f9,#4d5db5,#3ec179,#0ba80e,#38db30,#f3b7f4,#1ee8d7,#543ed1,#1aba09,#f2eb68,#fffb8c,#c3f271,#d856a6,#a3f794,#f4dab7,#e8a4dc,#f4cc1a,#76f2ea,#8581f4,#21d324,#2ccc3f,#7d9b18,#9ad659,#c1532e,#ffee38,#084c7c,#f925c1,#3a88f4,#4656ea,#9adbf9,#2a17a8,#c4f48d,#d9f986,#30ddd2,#eaa6e1,#d76ce2,#cc0464,#c3baff,#71d662,#c95d16,#b8f759,#f9bddb,#dddb3b,#ce9ee2,#ea0998,#24c12c,#c5cef9,#7812aa,#a6a6ea,#db7aa6,#4035a5,#db4652,#027c39,#f9596f,#8a8adb,#e1f751,#9346d6,#006abc,#bbf3f9,#e0c686,#57d180,#67ea5b,#eab65b,#f28ea1,#8ee4e5,#702491,#473b3b,#affc9c,#b8ef8b,#30e3ff,#eae667,#f411b0,#f736c7,#4edb6b,#9faeea,#ed6a7e,#bcb8fc,#affc2a,#b1c120,#7fdb51,#b6f7a3,#6c4bd8,#db833b
#f99a75,#c5baf2,#1f3eba,#c3d159,#e0ef88,#ed3884,#b55815,#ce049f,#ce35cc,#ad211f,#e5ac50,#bf1a36,#e20245,#aa7dce,#8fc13e,#a3ed5a,#dd9b61,#ffc4e4,#ff9bf8,#041a7a,#e0c52f,#6099db,#56d36d,#24c615,#061299,#3b39ba,#6ce282,#ffccd3,#0d0dc4,#f2136c,#57ce4e,#4bc647,#44c97e,#99cc2c,#0afce8,#d1ae30,#7812bc,#77e5bb,#f49a9b,#17ed54,#a71fd1,#f9b6ef,#efaad0,#96cbf2,#dc7df2,#51228e,#e58d5e,#e8b755,#17d35f,#0b933b,#e8d03a,#fcffbc,#3c1793,#c6155f,#48b3ce,#54cfea,#ccfcff,#ffebc4,#7f35ad,#eade54,#4dd620,#ff9047,#6071bc,#63ed71,#357a03,#b0e888,#d10697,#ffccd6,#e2887c,#e2fc8d,#5801af,#ed9807,#c67529,#ff0751,#fcdfc4,#0d4bad,#86ed3d,#fff4ad,#4900e8,#cbdb72,#75bcd6,#08477a,#c5d849,#8314b7,#f0ffa0,#62990a,#b9ef86,#e8c39b,#13d855,#fff07f,#5600ba,#0f8e1c,#8cff35,#0f2dd8,#f91bb7,#8f89f9,#ff44d9,#59e064,#f959f4,#bde83e
#36c48b,#427705,#b600ce,#c8e234,#f4aba6,#e26928,#f1f7a3,#f29bc8,#e569e5,#f4dba8,#f9e070,#f24fef,#e8bc8b,#f26ef4,#018264,#397d96,#a8f77e,#d64856,#c5f9a4,#a3ad14,#5c0ec9,#ba0532,#00bbd8,#bdffaf,#011a75,#e27ad1,#b2630e,#a1b20a,#296c89,#75f9ae,#d352d3,#62eaaf,#3ec0ef,#c8bcff,#078c21,#f4ffb2,#c9cdff,#a5e876,#fcf4ae,#d3f276,#1eff29,#24c421,#3a43c1,#bf9716,#99c3fc,#5114cc,#e8636a,#8febf7,#b1d662,#a0b0f7,#b0fcfb,#b2ffef,#d7f7a3,#a650ed,#138bc6,#a3b1f7,#b2ffba,#017573,#35ef32,#8a52d8,#bcd326,#fcd4c4,#bfedfc,#20ad70,#e2a16f,#caa8f7,#7e1aaf,#e07855,#9814e0,#fdff9b,#75d81e,#edb489,#aaffbf,#f2af57,#71d159,#d36319,#8bdcf9,#db74c6,#c653ed,#894cd3,#910b26,#f2b093,#f113f4,#93f9ab,#c9e2ff,#529e0f,#19aa06,#c4781b,#31558e,#eff760,#ed426a,#e495e5,#fc7932,#e55149,#88ef8c,#d86a8d,#8bf0f9,#4bddbb,#dda280,#f9925e
#1c30a0,#db1c92,#d60c6a,#c9564e,#f9debd,#f4ffad,#047218,#5436a0,#3636d1,#ed4488,#c5f990,#bd4fd6,#7658d8,#ccf9ff,#69d136,#e85896,#f2dc7b,#50e55c,#7ded8a,#00c120,#c19dea,#7ebed6,#c1f993,#fcc7f3,#1c076d,#07997e,#f4823f,#87d2e5,#bc4246,#55e8a8,#d85086,#e7f9a9,#bb11c1,#001d68,#8da517,#e8aef2,#6e2ba8,#ffc9e5,#a3ffde,#78e286,#277cc6,#fcf6b5,#b23346,#e28e18,#ffccd3,#ddf78f,#ffeeaa,#6e2bbf,#0cb9d3,#f466da,#f7abaa,#e2955a,#ef70d2,#f900cc,#04d5e8,#ca49dd,#10f2cc,#d85bcc,#0b0bba,#f9d8b3,#ce06ba,#d6514d,#c11997,#6335b2,#e589f9,#5a057f,#8de8ce,#9f91ff,#7eeab8,#01bf66,#afffc1,#e580a5,#25dd4d,#e8d468,#1023ef,#cae214,#c290db,#0b8e14,#53fc91,#5bc5e5,#fc0fa9,#f28297,#a6ef94,#dd80c6,#74f2ce,#50dd25,#3642a0,#69e09e,#f9bbee,#0d827c,#e251b4,#51f78b,#02ed73,#7d85d1,#a324d6,#3370a5,#57aa20,#c6221f,#8bc928,#b1f296
#40d697,#bf00bc,#c91295,#1bd637,#81f21f,#fc2fa0,#f7d9b7,#54f9d3,#2009b7,#dae031,#79e86a,#dac4ff,#ef9ba1,#37ddb1,#f241a8,#007030,#9aa0e0,#90ff84,#7dd4e8,#05bf15,#e589e5,#78e2cf,#756ed8,#f2dfae,#d89063,#dabdf9,#1255c9,#7bbc34,#bce1f4,#8ffcf8,#bc98f9,#b1e25d,#f97959,#f76511,#38cc0c,#eda6c7,#fcd3c4,#ffbfce,#3c30a8,#990be0,#ce5880,#f2995e,#f90c63,#e1f756,#44ffc4,#c93038,#ef9c69,#edbf9c,#e65bff,#fca29c,#805db7,#e059cc,#a1f279,#d33b96,#04dd69,#5ad5e8,#490799,#e88fcf,#6aa4cc,#adf989,#6def64,#aded0e,#a3f7d5,#e24dac,#c5ea0b,#4c70b2,#e5c87e,#8338b5,#d85fa2,#f3ccff,#42e5a9,#899313,#ba73f4,#aa2b01,#18a033,#80b5ce,#b0d9f2,#7bf29b,#6ddb48,#07ba8d,#e5b649,#eae43a,#07fc13,#b53d3f,#8c0e00,#3dc429,#c3e236,#f41dd0,#e291de,#bf792f,#3ceadf,#b2ffee,#e590bd,#8ca81c,#96d145,#f2a2ab,#39f3f9,#9278c9,#6a5fcc,#0ffbff
#9af4ed,#f2a7c0,#2b238c,#b0f24d,#caf99d,#47aa23,#ef4fbc,#8af2ba,#c4e256,#37a00e,#b0f254,#eabe9d,#a3ffca,#db740d,#f4d29a,#dabef7,#8c9dd8,#0bbf7d,#ed1073,#7cff9d,#fcbde7,#f4d15d,#6548db,#b0ce06,#e2c2fc,#d8f268,#deabf4,#335296,#fcc894,#f4eb92,#0dbf86,#a80b2d,#77d2d8,#f2bf96,#cebbf7,#6cddbf,#defca1,#fc6ffa,#77ef67,#5d8c0c,#f41db4,#f7f96d,#90f45a,#fcc7f3,#47ef4a,#6bc3e5,#888e13,#20e8cd,#92dadb,#c40578,#33ccaa,#f7a8dc,#033fa8,#f963b3,#ebf9a9,#9dabf9,#fcc1a4,#e2ac85,#8a56ce,#aafca9,#e55485,#083ee0,#e896a8,#e293d8,#7d71d6,#0fd2e0,#054f63,#b98de0,#d6174a,#7ff9c0,#4a11f4,#3ec95c,#b2ffd6,#d6f79e,#4110d3,#e2d80f,#bfe256,#39c41d,#3f8ed3,#7754c9,#0ad618,#c43f3a,#94fcab,#f74e20,#2fa8c4,#57eda2,#2fb581,#f7b4a5,#ff0fb7,#34e0ef,#f12cf4,#c826ff,#cccdff,#f4f9a2,#cba3e2,#6472db,#725dc6,#f49fd1,#56d8b1,#dd58f4
#049967,#fff23d,#a6e87a,#3dd3ae,#e5548e,#d30034,#ffccd9,#11d645,#85fca9,#3416ba,#c68e2d,#c6f446,#aacfff,#b3db23,#92d8db,#ffb8aa,#22609e,#f4ee9a,#13b290,#d30906,#e8ae3a,#fca4a7,#6ec4c9,#ffcd93,#db748d,#46f279,#f76954,#edb307,#3e43ad,#ddc404,#fff8b2,#ce182a,#c92e45,#edc18b,#aa21d3,#92bee8,#88e8d9,#60e837,#9af4af,#c2ffa5,#3e6ec1,#ff35ff,#517ac1,#4b4bbc,#8bcc4f,#0eef28,#f9c2f3,#618702,#eefca9,#d60ed2,#e58575,#037a72,#cde209,#15c105,#ea64e1,#b8e9fc,#a787dd,#b90dbc,#d86abe,#e8da19,#f7e4bb,#51d1c2,#09a08f,#79f7ba,#c90a2d,#5ffc50,#f2b38e,#e8d49b,#dd96e8,#016b67,#87edc7,#f7aad6,#d3d648,#349a9e,#e04e95,#c90e8b,#e8ae78,#ada6a6,#c216cc,#4413a0,#4ad831,#f9b6d0,#c4ef34,#eaea64,#1ac977,#c7fcfb,#efa9a2,#c906a2,#f2b8a4,#b519c6,#f7debb,#3cd624,#e28595,#ff2638,#46cc16,#d9e57e,#ff9284,#7544b5,#f92c37,#5f40dd
#2ab2ed,#05aa55,#738710,#97f4c7,#fcd788,#d0f46b,#bee888,#b2b4f4,#8df4d5,#db6e30,#f29491,#31b75c,#4caf0e,#ea5d77,#78e87a,#f7b2da,#b0ff70,#d83c44,#0ef726,#fc94ad,#d7f796,#918eed,#aed356,#88e8ab,#17b580,#f48bb9,#f27d91,#c63563,#b57a05,#3acc26,#e0cf4e,#abfced,#e053d9,#4bf266,#b53d34,#79f246,#f276be,#70a5d1,#8efc6a,#fccec2,#befc8f,#e3f7a3,#54eae0,#b5faff,#e27a91,#eab19a,#97ce21,#4dd668,#65e055,#b73a5e,#09ea2b,#4c35a0,#a01c0b,#f7ceaa,#c64f75,#f9e509,#fccdba,#e0f75d,#bc3855,#917bf2,#efbb7c,#71eddc,#b22541,#c8a7ef,#77ea7b,#bb29ce,#95f4ad,#753ce8,#4fefe2,#6bc61f,#93f2c7,#0eba1a,#89f9b6,#45a2b7,#30a316,#540682,#50b5c9,#4c11e0,#8587f7,#d6850c,#f97fac,#efdba5,#a32750,#4bd337,#41dbb7,#93f2ea,#aa9fea,#8c5df7,#8bfc83,#8eea7c,#52abb7,#d34c74,#ffda7f,#c66e51,#73f961,#f794d4,#254796,#f9d284,#b075d8,#5a53e8
#f09bff,#bd3bed,#280b0b,#097c4e,#fcc9ff,#de37fc,#b26b08,#18a80b,#f776bb,#f7da33,#c6eaff,#5e39e5,#89f287,#4f9317,#c7bdf9,#b0f285,#b530dd,#12d19e,#f7b4b7,#fbff30,#e520de,#eacc09,#ffccf3,#c7f6fc,#0a55ce,#ed40b6,#edd1a1,#b6ea09,#cd6edd,#99f241,#f2baf4,#9ba7dd,#278087,#f77bed,#eab5f4,#72db77,#70e5ae,#b0d0f4,#0cd355,#bce519,#04bcea,#299999,#8186d3,#59cccc,#d4c6ff,#d87a15,#ffc4ec,#b9ffaf,#767df7,#6a57bf,#e056ef,#3956f9,#00bc48,#ff8cc5,#c194fc,#edda36,#b0fc7e,#f7d2b4,#f4e861,#05a851,#ba1a27,#3bb526,#5d1be2,#9df9ea,#eac952,#f4c38d,#ed4934,#8d70cc,#6cf7b2,#ffe7c9,#eda8d6,#2f6cbc,#bbf49a,#bfbffc,#5654d3,#e888c9,#e273bd,#f4ade1,#d3c41b,#6ffc11,#d9e589,#c60b75,#f40c2f,#ffe496,#f7d1bb,#1b7b8e,#94ce00,#ada3ed,#51c6c4,#bf153c,#53f45e,#51bc27,#e21ba3,#c2d3f9,#7ce559,#40af15,#fcef99,#b73544,#f7f456,#efc864
#d3b44c,#ffcc60,#b53fff,#ff0ae2,#e21b0d,#19e206,#e2abf4,#21a544,#9b1520,#ed42cd,#940fc4,#9ff99f,#6cff11,#ea9e6b,#c44b40,#f376f7,#cc146a,#59ffd2,#91c8d6,#7cb8cc,#f034f9,#fc71f0,#efc9a2,#c482e0,#25087a,#e091d5,#7af4d4,#000d5e,#ed82bd,#54d89d,#db90e5,#c61db5,#b8f49f,#e04a9f,#ef94af,#9af4b0,#3b1d87,#64c3e0,#6474db,#5fb3fc,#1a2891,#d490ed,#9386f4,#b8b5f2,#53d6b7,#e26882,#f4e4b7,#12e54e,#5497ce,#c0ecf7,#caef7a,#5e2faa,#25d0ea,#af1801,#1246a8,#e1ffad,#edc2f9,#97f497,#e8a384,#d1833e,#db8a74,#ea9144,#f583f7,#a03d21,#836fe8,#a49eff,#a0d361,#a497db,#ff9a5b,#6f32fc,#74cccc,#389baa,#e4fca9,#91f72c,#228489,#cbe85a,#e03571,#f24d66,#64f4b8,#8ef2a4,#8124b7,#e6fc97,#ccef8f,#a6f26d,#148eb7,#90ef02,#ef2655,#ebed8b,#77dda5,#d9f7a5,#e05e0d,#f28d8a,#a0ffe2,#45af0c,#b24e1c,#fcf19c,#f993b3,#4ad3a1,#308599,#edb76d
#5677bf,#c5f291,#e9c7fc,#c0bafc,#1af2d1,#8aed6f,#4332bc,#4d78bc,#eeffb2,#e83ca0,#bc8436,#17e8a9,#3182aa,#aef5fc,#55d155,#944fdd,#b1e278,#efe392,#cfffad,#3f479e,#db209d,#719bce,#cc208a,#8e013e,#5cd6d0,#e05ca2,#62f760,#05843a,#7cff54,#8f3cfc,#ddbc02,#466aa8,#05ada4,#8c9906,#c5f490,#ddfcae,#15f2e7,#a9aee8,#88b0f7,#2cb730,#0d3d91,#efe98d,#a4d157,#08497a,#7cff81,#c7a9f2,#e5898c,#37d6d3,#2946bc,#c83ad8,#0e7187,#9326f2,#087a5f,#7785ef,#6edd93,#979be5,#128e1a,#93f2c1,#d63a35,#72dba4,#f4f4a1,#31bc97,#d82202,#4af79b,#f9e4a2,#c4e07d,#6fff56,#c7e9fc,#83ff72,#45c6bc,#c7b1ed,#f2c0a7,#a5ff87,#c9ffa8,#b759ea,#a776fc,#f293f0,#2fb705,#aa70d1,#f2d741,#ff3292,#2a6399,#3af2ab,#b24d25,#28ef8c,#ff89b4,#8571d6,#0229d6,#80e802,#f42a13,#071182,#c41d92,#80cfe5,#ff7f00,#d8f99a,#7687f7,#cee85c,#b76c16,#685fcc,#a3f7c6
#540099,#4a1c8c,#4b49dd,#b2ffd2,#04c8ea,#788406,#f26db4,#3311f7,#c2ed87,#3bf73b,#48e283,#f7bcb4,#91d3f2,#036d51,#e28cd7,#687701,#575ec1,#6ffcfc,#0a116d,#d69b3b,#f78ad6,#afeded,#07fccf,#5056ce,#f9d625,#1d2f8c,#92efd0,#d84585,#77ed23,#b088e0,#f1f42e,#8ecbe5,#48d670,#76b8f2,#131670,#a8e266,#84f99d,#f41a3f,#92cedd,#4200ea,#ead38c,#09c671,#51ea19,#d1144a,#55d1c6,#ffe5bf,#ddc4ff,#4964d1,#39e5b4,#1ebc3b,#a2d7ef,#55f45a,#abff9e,#4c8c0c,#755edb,#f7b9dc,#23c5db,#96f7c7,#b48eed,#0c9e68,#f9616b,#58d3a2,#9587e5,#ecf282,#f785e0,#f760b3,#ffd4c9,#71aa0f,#4cdb8a,#b073d6,#c2b1f9,#e59685,#2b679b,#d37f1f,#cc4b83,#a01e50,#80d868,#b9b7f7,#b3f99f,#c938d1,#e592e8,#501be2,#8bf4d5,#f7d6aa,#6ae276,#60f276,#ffbd8c,#fce497,#48d68d,#e01a35,#0202d3,#9fd861,#5df768,#db8af2,#49d147,#f794db,#4ed89e,#a1a7ea,#84e2f9,#44a31b
#1f3bf2,#a5f7f3,#b53701,#bfed28,#76e2d2,#3867c4,#d4bbf7,#91d6f2,#6900d3,#a5ffb3,#7be0a3,#d1ef8b,#f9eb52,#bb43d3,#ed63c8,#ffe2b7,#d820d5,#a3ffd2,#29b269,#d8adf7,#d12371,#1369a3,#e5604b,#f7ac7e,#0d4d6b,#6479d6,#ba8ce2,#6fe2a7,#f7bdbb,#8987db,#c5ccf9,#a176e8,#b79bf7,#0b126b,#d883ef,#f711d4,#28e0b8,#ca19d1,#ef854c,#b5dff4,#5295af,#ea8100,#f7bb96,#d8d852,#478bbc,#ecf29b,#cc148e,#e57849,#0c8e67,#da64f4,#4e1e91,#0e5172,#ddd41c,#25dd75,#308ae5,#f2db8a,#45f72a,#a01350,#b2fff9,#6fed5e,#a6db4a,#7fe263,#fc9cb2,#2f079e,#ff72de,#0256e8,#ff38e1,#d854c9,#69c4e5,#6ddb74,#71d12e,#7a6ae2,#49acb7,#f7f79b,#d62f8d,#a52826,#6287e5,#9092f4,#d3e06d,#c8db51,#e21f4a,#afd84e,#d854a8,#4fef51,#b5c5f2,#a083e2,#a6bf2b,#7ccee2,#3ca6c4,#bbf788,#1a81db,#1fd37f,#67aafc,#ca44e5,#497bd1,#6ec3c9,#f466d1,#de9fea,#efa5f7,#18707a
#f48d9f,#d3e248,#e58e82,#e296f7,#00db15,#1aa569,#fcc2d5,#7be84c,#e29ff4,#73b726,#fcd8c7,#316fbf,#998dd6,#ffe92b,#e8af6a,#c12505,#afffe0,#a439ce,#b4f46b,#8be05e,#c92487,#abfcbd,#31aa05,#adff2b,#66e8c9,#e559b9,#56ea88,#b70532,#b9f4a1,#c7f7fc,#f7af85,#d88870,#ff54cb,#1db77f,#8575ef,#a6ebed,#daf990,#f2c69d,#ed53a7,#71fcc0,#ea9bef,#f2cd91,#f9b19f,#0d6cc4,#f2b0e7,#ff919f,#247091,#ffc6bc,#f9f1a9,#d1ef7f,#fcf283,#48ce39,#30c62b,#ef53c6,#bc1047,#4268aa,#db76c8,#5f63cc,#759ed8,#90ed44,#d1854b,#ed715e,#d4ea85,#ed857d,#24af35,#3fe83c,#dbcb18,#42b1b5,#bcdd58,#e87ddb,#a1a5e2,#3e50a0,#efe07c,#a3f7ad,#f738ca,#a987e5,#ffc472,#42ef0e,#ea9ced,#d61d83,#698ee5,#fcf953,#c9f28c,#1f529e,#a0d648,#e8dd66,#44c977,#6dd834,#5bd845,#f48d1f,#4cef5f,#d10273,#8de8c8,#c329ce,#5cf9cf,#e069c6,#5542d1,#e2f41d,#cc3081,#2f6ec6
#981be5,#6be07f,#af2855,#f4306b,#ffd5c1,#d567db,#f9bdb1,#f92a8b,#73d130,#ffccee,#ffcce7,#7b72d8,#d0ea4f,#a5fc67,#7dcad1,#d6c917,#b2f8ff,#1da534,#f455bf,#e58bd0,#d872b1,#e577bd,#2f01a3,#f2d1ae,#98f9c7,#d7f998,#b79ef7,#3714aa,#70ff68,#7df29b,#ea2cc1,#48bece,#45ea09,#fbff87,#f9c2c6,#e57937,#f98cff,#e08026,#b55a00,#7669d3,#c95d10,#f2526f,#9cbfe5,#cf6de8,#b6ff6d,#d8d0d0,#ce2bb0,#bf843d,#d3ba15,#4ccece,#e0a470,#1dc4c6,#1da01b,#ba1f2f,#eaca9f,#d32c2f,#ce7f4a,#dd6aca,#13993b,#ccdcff,#097ab7,#1c1e96,#f2b5da,#5b76ba,#fff2b2,#33bf72,#76ed8a,#9ff9f3,#4c85b5,#2c9b0d,#4144ea,#1b6187,#011072,#459da5,#183ba3,#baef81,#1c7f0b,#bce050,#1d6f82,#42ceab,#f9f37a,#2432cc,#ce74f2,#f22696,#e5dc64,#e4f287,#99d6e5,#f4d3b7,#f9bf9d,#efea5b,#7fdb60,#b0e1f4,#6add7f,#53a0bc,#e21fa1,#cfaef9,#d35b54,#cea016,#15a350,#e87185
#6834c9,#e56950,#62cff7,#3baa25,#7803aa,#caf455,#78e2bb,#193ac1,#eaab81,#8fef8f,#ef9709,#c5b3ef,#4248ff,#edadd4,#69ea96,#b4e20d,#fc9fef,#d1106a,#ce0037,#ffc4df,#eda29e,#67d6e5,#242e87,#b083db,#bf6626,#c99bdd,#6e83d8,#2fbc6e,#9b0d27,#f4de84,#f2c691,#c10fc4,#dae85c,#e8953c,#3799b2,#88e8c6,#3779bf,#e28c7f,#ddd01c,#f4ab92,#e8ccff,#9895db,#c5a8ff,#ea69dd,#a48cea,#7b5cf9,#f718a9,#9bd861,#c5dff9,#d6cd26,#43e058,#e06e55,#dbc65c,#e8c340,#e86368,#047a57,#7dad29,#ed0942,#91adea,#e8ad9d,#e5b885,#f7e783,#e2a51f,#3aff7f,#f79540,#c872e0,#5bd369,#1c5477,#c9aaed,#aa8bed,#a1eaea,#a8e206,#ea1ee7,#d978ed,#33b5c6,#e8a08f,#a981db,#efb617,#e847a2,#725cd6,#e84a3c,#32cc0c,#6bb5ce,#e094d2,#f9f09d,#f7aded,#97d7f4,#f49c97,#c5a1f4,#f48a7a,#c8f29b,#11b29a,#db4ac8,#e025ea,#d66f71,#c5ffb2,#dd4460,#d61fe0,#82c1e5,#ad1d18
#cdbffc,#73f4d6,#f7f9ac,#ce7a58,#db275a,#5604f9,#c414d1,#480496,#04a334,#ffcce6,#ea6080,#97bee5,#f2d4a7,#c7f9fc,#f497ab,#f438f7,#5268e5,#ff68c2,#eb7fff,#2bce8a,#1106dd,#fcc00c,#f4e3b7,#bfffb2,#46ce71,#17bbd8,#fcd7c7,#a9e8e7,#0b914e,#177084,#4ac976,#e52dcd,#dda06e,#6d6dc4,#87ff9d,#1a959e,#4bcc2a,#fbff1c,#451fb7,#f9c0de,#fcebc7,#61d3c4,#db4a9c,#aacbed,#c0ed5e,#7cb72a,#c4f24f,#0d3b91,#c08cea,#aad157,#edcda8,#505aaf,#d8c00d,#3bc66a,#c0c3f7,#d84ff7,#d7f287,#bc0136,#347599,#e59ee0,#32d365,#63f9f2,#aafff5,#e08dc1,#de3df7,#fffcbf,#0785bf,#b52034,#f4babf,#afe4f7,#cc2241,#ef02a0,#0c93f9,#f49cc8,#f26883,#671d9b,#94efd7,#ba1307,#9df2a1,#d86a15,#7cef82,#3bf9aa,#aa1620,#bcfcae,#87dddc,#59c128,#ef92c0,#a236d1,#defc92,#c695db,#1ab4cc,#1fba9b,#1bbc09,#76aefc,#d5f279,#99e822,#5685ea,#ed6dd5,#65d631,#86f4c8
#7cb7f9,#ef001f,#4ee553,#2656b7,#4d61c6,#2f46a3,#a9f9d3,#c609b7,#721ebc,#493fb5,#cc6df2,#ef58ef,#f22310,#645bc6,#fcdb1e,#dda76c,#efed7c,#91ffbf,#67a4e5,#ed8bb1,#025982,#322fce,#edc70b,#3b4fbf,#f7cabb,#4ff9dd,#fff0c9,#2c7c8c,#81edf9,#f4d9b0,#bca4e8,#6cc141,#09845f,#d442f4,#9f3cd8,#9bf1ff,#79e0bd,#fc8db7,#16d7e5,#a7ea77,#e8be17,#e349ff,#bf1338,#6480c1,#29219e,#173082,#efa586,#069b8a,#f7f38a,#3437ef,#3765c6,#07b3bc,#0624e5,#eb9aed,#4ec8ed,#a797e5,#46dd79,#ef4578,#b6b1f9,#ef32ec,#dd6a7f,#85ce54,#5d27d1,#ed2f4f,#8c32d1,#b2ffdd,#f774c5,#edcf65,#70a1d3,#f98ed2,#eddd50,#060dd3,#4f0908,#c51dd1,#f9c3b3,#f0c6ff,#ed53c9,#0ed15f,#da16f4,#cca218,#f2521d,#d9baf4,#d637c6,#ef3799,#0c01a8,#8ac9e2,#1a4caf,#c2bafc,#94f7bf,#b1fc55,#aa48db,#a06ac4,#1c378e,#62e581,#5496bf,#43db83,#ff87e3,#fbc1ff,#c512ed,#e2a08a
#68b3d6,#ccb5f4,#cca3e2,#51e2c3,#dbfc88,#a5e4ef,#76fc23,#9df2c7,#ff3fbc,#db0424,#77dd98,#ba5625,#81aed1,#0b63ef,#ffd1cc,#aefca4,#c9e1ff,#5883c4,#58e2de,#159fd6,#dd5f98,#3cdde0,#fc9fa3,#0c68fc,#809ee5,#7740e5,#2243ad,#3bddaa,#234784,#5ea4d6,#e575cd,#b49ee2,#4248a5,#2abaea,#efec39,#c9792a,#9276e8,#7de88f,#6799ce,#210b72,#ca63f9,#8af797,#c6faff,#89e23b,#efde8b,#39ce95,#d3a723,#4ed3fc,#04a582,#7770d8,#e29085,#f4c097,#dbab69,#f2d4b3,#f7c8b7,#f7369a,#1870ce,#1c83bf,#f9bdb3,#9edff7,#838e05,#7b6bf4,#ea156e,#fca6e4,#fff159,#a6dbea,#f9ffa8,#ef8696,#9e5658,#fcc4e9,#59c438,#e53950,#59910a,#40dd6a,#e0db4e,#34f986,#b7001b,#968fd6,#aad1f7,#c7b1ef,#9582e0,#88f285,#d7f785,#a384e8,#125fb7,#68ce08,#dd8a25,#260e75,#39b500,#cec4fc,#2c07ea,#d89031,#cfccff,#ff4502,#e519a8,#ead493,#7bf2be,#ecf959,#cdfca1,#5b72d8
#5cdd30,#c7f8fc,#6501bc,#019340,#769edb,#73f759,#ffdfcc,#798cd8,#ed61a9,#a8f481,#62d670,#77efc3,#6252af,#2a8e11,#f9bbbd,#cc4016,#e5af3b,#a33210,#fcd0c4,#2bbfa4,#f4adbc,#db9c5e,#7f60db,#b0f1f2,#651eb2,#f7a625,#ffa0fd,#202bf9,#ecbffc,#1bba70,#d682ed,#31c600,#1a6df2,#7c38c4,#ef6489,#f78651,#ef8395,#18a561,#d8805d,#c896dd,#2ab1d3,#b5264e,#7972d8,#e26165,#4246b7,#9ee87f,#217ae0,#cc7bd8,#49b526,#a8ed7b,#5ddd9b,#1ecbce,#2f8aaa,#f0f727,#59fc02,#c049d8,#6a25ea,#95a506,#c478ed,#edf49a,#e55eb8,#f9c813,#5437c6,#b71f2b,#cc9e22,#f2b554,#027261,#0bbfe8,#3ef2ec,#71d9e2,#8ceac6,#77efab,#e2f799,#adaeed,#34ed65,#d6f7a0,#f9bbce,#b0d606,#6eef7b,#bec7f7,#8defa4,#8199e8,#efffaf,#5f46a8,#8f68d6,#00c44e,#69efbe,#aa51f7,#f03ef9,#c62195,#96f7b7,#0da850,#e07dab,#69f497,#a30407,#aefcc9,#ff6d79,#f9dd09,#b993d8,#c9ffa0
#69e081,#1157d8,#667705,#b7500b,#439ad8,#eeffb2,#54e557,#8cdb6f,#c9892a,#f9ed8b,#fff651,#55d6a2,#2d208e,#83d822,#7b9302,#17aa41,#93f2d4,#95f9ad,#98d0e0,#10758c,#db541a,#30f47f,#b4c124,#cce23b,#dd6bea,#8a4ed8,#f9acd0,#ad56e2,#fffbbf,#11b8d6,#bc0b20,#d7dd66,#9564c9,#272f99,#e07ba2,#a52927,#f99089,#d37052,#e06df2,#befcab,#1485ba,#5204d1,#ffd2b5,#aa2224,#f296bc,#5b18ad,#8befd9,#72f98d,#343cd1,#bf7631,#e084bd,#d9ef58,#472322,#e2b912,#aef416,#76eddf,#d6d208,#46dd1c,#f4c7ad,#db86e8,#469903,#d1e589,#aa2952,#893aaa,#fcd2bd,#4a57d3,#ef9eeb,#e5ffa0,#c8f77e,#1aa0a3,#150ccc,#ccdd49,#64f427,#db74ae,#b145e8,#99ffcc,#a5f7c2,#180d68,#72aa1d,#93ccd8,#84baf4,#3bed6a,#fce1c7,#d1a8f7,#c10925,#bc435c,#fc7405,#96f7cf,#7ae2ca,#7a34db,#2c48ba,#766eef,#ef3ee6,#a0ff75,#74a7db,#e07b16,#6bf466,#dcea8f,#ad8ee2,#d8aa4e
#97f4be,#84b6f4,#eaa3a1,#8bf4dd,#6d990f,#d0fca1,#048939,#04147c,#9365ed,#f7d6a5,#d37a06,#83fcbf,#7de894,#c95e3a,#8dc42f,#3ffcec,#912204,#d10ccd,#f9b6a7,#b7593a,#4a89ad,#38c922,#bc295f,#93a8d8,#3940cc,#6bd600,#dbc325,#d80499,#e0592c,#2be283,#fbffb2,#70e095,#d6b5fc,#e89db0,#edf796,#eaa97e,#2052db,#0dabba,#b74916,#6b53c1,#a1f756,#ed556c,#8eb5f9,#2dfc91,#edac8b,#fbb7ff,#e884ac,#aff4ff,#a0f7b4,#e0dc64,#8e44bf,#5f72d3,#d85283,#f9ce22,#c6f475,#02ef55,#d67357,#11ddbf,#5edbb7,#89e5a0,#321da5,#7bb2ed,#edcf84,#e09926,#bbf475,#b7f98b,#e3ccff,#18ad27,#30c6d1,#d65c66,#f25cc2,#4df913,#bef484,#9bf7a8,#34c136,#c3db74,#21af5f,#c2ffa8,#872204,#bc00b6,#fc8b85,#f740bd,#e21d9d,#f4df9a,#eaa4bb,#5d33f4,#21c677,#17a4ea,#ea3aea,#44ce44,#90f4dd,#adef77,#94fcdf,#3ec95c,#ea238a,#8be238,#4ee59e,#f28cb5,#54ff68,#a3f7a7
#f7b2c1,#d85dbb,#217bc4,#176575,#f7b9bc,#e52948,#a5e587,#8bc7ed,#c6f9ff,#f9c5bd,#fc4744,#90f4d3,#86d0f4,#8143a5,#70ef74,#8eed53,#b21c56,#f2a9c9,#097fa3,#4dd1ca,#f9bdf6,#592cd3,#1eed8c,#f993de,#afbaed,#adebff,#296eaa,#bbaaef,#4e83ed,#80ce56,#e060d7,#5bfff1,#8f73d1,#e87aad,#abc43c,#59ea98,#8d95e0,#62f7ad,#f98990,#3deda6,#f7c4be,#e0724a,#dd8a71,#38d15c,#d12e59,#d9bef7,#ba0d4c,#f720c1,#8c79d1,#706d6d,#42b72d,#d87daf,#73efb7,#d1e589,#fc8acd,#db6b57,#85e596,#d3567a,#9a71f2,#f7cbb9,#afffdb,#76f79f,#79e24f,#39d3ce,#bf3ce0,#1fa851,#94efba,#af422a,#a8ffb5,#fce1c7,#bf6641,#cc91ea,#f2c898,#8cfc6a,#f7c562,#4d94af,#f9c0ee,#ef8b90,#e09674,#0363a8,#39d38e,#7fdb1c,#f2a7d0,#82b4e5,#f2b0bd,#ffa90a,#ccff75,#9df716,#f796a3,#e5425d,#8cade2,#b22ed3,#5bd831,#b1ed93,#30ba27,#be82d8,#b6afff,#fce1ae,#95f94d,#7f46e2
#db29a3,#21ef74,#ed9e36,#30a4a8,#3f53a8,#f9fc55,#cc2ec1,#97aae5,#79eadf,#a8abea,#4786e5,#efacb3,#094ebc,#63d858,#be10e5,#eda1cd,#92c9db,#d964db,#ff7e72,#ccdcff,#e2afff,#b22949,#db7693,#f2aca2,#a5e047,#e5a0d7,#daff7f,#fcefa6,#9edfef,#efac7c,#c67f37,#0d159b,#9b1731,#ccd824,#09c6aa,#e88c45,#a9f446,#510a87,#968edb,#163482,#1d42aa,#e59022,#00a523,#daf99a,#51990a,#a3cae2,#4bd339,#29f29e,#c9baff,#b8a1fc,#9811ff,#eac077,#fca123,#057f3c,#0ebeef,#e03acf,#15429b,#f4cf3a,#9b1416,#fca279,#85e524,#f4804e,#eabb9f,#b2ffc3,#1ca893,#15035e,#1a4075,#fafcba,#e5bf00,#c0d662,#a481ea,#f2a4c1,#baef81,#86f76c,#b55427,#d66604,#afacef,#0b3293,#c891f7,#81c2f4,#118e49,#b72a2c,#ce1ac2,#5687bf,#ff1990,#e0ef7a,#327bc9,#f9d157,#1acea1,#77e5b3,#60cc43,#9b0113,#71ddc9,#81dd0f,#e89794,#ffc8b7,#8579f2,#bc2760,#7f82ef,#72d34c
#1fd355,#f2b02b,#0c2aaf,#0fc48e,#a6fce6,#8dc94c,#ed47c6,#8649d1,#97fce6,#c0fc94,#e83e6e,#85d86c,#af1d4e,#0fff07,#8af7bb,#9ed3e2,#dbd95c,#d300ea,#a368d1,#bcf92c,#efa392,#5defab,#04890f,#bfc0ff,#659df2,#d32819,#f7c491,#ffaaf0,#e07fbd,#6add81,#5704d3,#0fb70c,#3ddb77,#fccebd,#8ec4e5,#062172,#56d868,#961f15,#d86e7a,#39bf89,#23b1c6,#d3f995,#8f6ff7,#cd16e5,#b5cefc,#5268d8,#608c02,#2b94d1,#b6ed87,#f9dd6d,#5233c4,#e82ecf,#7186dd,#fc62c3,#320699,#aefcb3,#c5e02c,#ffd3a8,#9df913,#eacf98,#4e06cc,#8d9ad6,#5bc603,#d86371,#fcc2ef,#ea7a25,#1ea4e8,#db9d46,#6eed44,#14ce52,#0d2fa8,#d55fef,#ac84e8,#1cea09,#7fa8f9,#38cce2,#fcedb8,#17217c,#ea1ec5,#51a00c,#f9d9b6,#fcbace,#c43e69,#d6f98e,#ffdacc,#09efcd,#dd0f7d,#98dd75,#efaac0,#f97a89,#008c96,#02047c,#4108aa,#d84843,#e8fc99,#846dce,#c770f9,#f74ff1,#30f458,#ffc4a5
#e2594d,#f96389,#80e8f2,#7f54ce,#5d08b2,#b70c3a,#0dba1e,#bf89e5,#d989f4,#1fa846,#e05382,#c48fe8,#10afcc,#58f24d,#17d3ad,#ed2fdd,#f9a9ed,#cb28ef,#6ed854,#10e533,#993e3d,#bbf296,#aefc7e,#f984d8,#069956,#e886d1,#ea9dac,#f6b2ff,#ead709,#27d862,#b9f44b,#8982ce,#f4ceb2,#00ddb5,#7115ea,#7fffbb,#b67dce,#d65737,#fcc7dd,#5998d6,#7cdb53,#7eaa03,#63ce3b,#e567a8,#04964b,#00a521,#57f990,#61f97f,#c1db62,#5a83e2,#1a2099,#16a069,#6e28a0,#beebf7,#48f2b6,#65f2be,#d85424,#d3d86e,#38a000,#ee9eef,#e88d9e,#d8a545,#5c11ad,#e0b143,#6eddc2,#826fc6,#ef6300,#f4b2df,#ffc2a8,#e05376,#a5ffdb,#29e87f,#c7e285,#d9f78f,#7ed85d,#e23b51,#a1f4ae,#385fc9,#e0e00d,#baa4f2,#47e862,#98e820,#eaa6ea,#721c9e,#b2ffb2,#9dfc92,#f2dbb3,#fcdb20,#e861f9,#95edbf,#c8f435,#ea4698,#e51235,#5bff7c,#8bf9f8,#2362ea,#5341af,#68d8bc,#f2855e,#8d4ee5
#ea9aad,#c92455,#edcc97,#eab8a1,#6ffcbc,#137596,#021a7a,#ea59a9,#ef3cfc,#9aeef4,#ceb5ff,#8ad4d8,#f44b4e,#1b0966,#1c5993,#8df257,#d31d6f,#21ea12,#cbc6ff,#d8f282,#b92af7,#222189,#bf5e2d,#eefc97,#d9aef9,#ecc7fc,#6da6db,#f4e79a,#f2a7c8,#8afc50,#c3b2f7,#c655e0,#47f7d1,#d88de8,#e8a430,#3bdb75,#094f96,#752dc6,#82e3ff,#d16290,#d132a4,#b78916,#b6ce2d,#e05053,#7a6fce,#22bfbc,#31e261,#fc92d0,#97f4e0,#dbca4c,#b5c6ff,#f745a1,#f92a3b,#9e1a30,#84e070,#23ef75,#9ca8e5,#e08d8e,#6260e0,#ef827a,#9147e5,#deed7d,#098e4e,#2d8a91,#354b91,#f4a6f3,#259fb2,#a2f9e2,#f9bdcb,#88f7db,#f46b84,#db57d0,#b56f24,#dd6cb2,#25147a,#57ea44,#afd3f7,#f2a37b,#ed71ad,#8a9102,#087c0e,#ff87df,#674bcc,#fcea9c,#2426a5,#d8ba31,#4f5aff,#11fcb6,#ffd4c6,#ffb5eb,#bfc3ff,#9cd863,#38c477,#e0b5fc,#7c9ef9,#f4bdba,#a19de8,#0f4b9e,#6a1eed,#f7aac6
#d65ec6,#d0ed89,#f9aec0,#d6ffaf,#6c60db,#cbed23,#fcf799,#526cd3,#c60981,#ffbacf,#e8e351,#b497db,#db2bb8,#1d737c,#87f27b,#eaa74f,#95db6f,#62e571,#e5da09,#b2ef92,#92aeef,#d1b2f4,#8e1117,#8e0b1c,#cded89,#c6274f,#f5c9ff,#1da345,#59f2dd,#87f977,#e0dd1d,#d6c3c2,#e5799d,#fff12d,#1f6ce0,#7d80db,#5ee085,#016d57,#ef863b,#9796e0,#38d1bf,#8b95f9,#75ed4e,#6ddbbf,#a7d341,#e2d622,#f7bea5,#6ce866,#af30ff,#7663f2,#a3e532,#09ef69,#f7f320,#db391c,#dd56d2,#ddb333,#303a96,#d1e88d,#dcccff,#02a4c9,#ba3912,#d67cf9,#84ff86,#a9d361,#ea67a8,#2d61af,#f993a6,#a5f98b,#cc3d4d,#9958fc,#ef99fc,#ea56e0,#79f7ea,#ffcbaf,#ffa8d5,#7ca8ef,#c2f9a4,#ac7dce,#e0769f,#d64fc1,#6c1791,#cd25ea,#9e042b,#f4b0bb,#a7e570,#ff607b,#72cbff,#f98440,#f73398,#84e866,#98f490,#a8ff8e,#d3bc28,#acb7ef,#efdd3b,#3e33a5,#fcc6bd,#e17be5,#084fdd,#72f9ea
#3035a5,#eacb02,#9494e8,#ff96ce,#e3ef62,#db119e,#d026e0,#fce51b,#d6e04a,#9ff9f5,#566bc9,#bcd865,#e74fff,#c93f3a,#ffe5af,#64eae1,#e552bb,#08db64,#02326d,#8c68c1,#75c3d1,#a0c1e8,#19aa31,#6ae2c4,#278911,#e27522,#b5d2fc,#66ce10,#2a1c82,#eda6ba,#efef6b,#e24653,#a0b6e5,#f4b6b2,#1e1e91,#dcff8c,#f0c2fc,#0e025b,#5bba18,#12eabb,#f98220,#02d656,#e8aa94,#c7cdfc,#bf164f,#3597a0,#f9ddb3,#d3345f,#45c936,#d5f9a4,#fc7955,#f404b4,#e5d779,#fff1cc,#afffd2,#0aaf2e,#82a4d8,#f42e98,#ea7eba,#8177d1,#c4e570,#7bc0e0,#bea4fc,#f48990,#089101,#edd434,#aa391d,#abb5e8,#74ce4a,#5fa8bf,#e8b763,#fff4ba,#c62605,#d22ce8,#5b84ba,#8d95dd,#54ce75,#ffc4e4,#7ff72e,#f4909a,#c6035b,#1e2d84,#7ded2d,#93ffa5,#f7eb6a,#b2daf4,#b2ffca,#ff05fa,#0be080,#e03c6b,#88fca5,#cdbbf7,#b3b3fc,#ffe0c4,#a90cc9,#ff4fde,#00892d,#32af1f,#3f56cc,#f7f760
#0bbc20,#9c76fc,#8def75,#ea96b0,#3352ea,#11a33f,#3f83bf,#b3ef1c,#ce78db,#aeacef,#294da0,#2af407,#ebf783,#d056e2,#7cea70,#3d0f8c,#e8ffb2,#b2730e,#f4d866,#9bfff1,#ba7a35,#8730d3,#355cc6,#fcb5f5,#a3f995,#a7dbe5,#7af9d1,#b6d85f,#e0a55e,#d353ed,#d3a02a,#31c4ae,#055275,#e0f731,#c46840,#c45d35,#49c6c0,#6208a3,#08d68a,#eafc9c,#b077ce,#f7bbc1,#f7b1a5,#e8747b,#f7bea5,#39dd30,#e25d6c,#daffb2,#8bad05,#0bedd6,#6ce2a0,#a81e3c,#b7792d,#f489bb,#f93e80,#ba1f43,#90a306,#05afaa,#97ed50,#a3cced,#4540d6,#f7cfb4,#6be5b2,#8a46c9,#ffbbb7,#95a2f4,#b491d8,#cff780,#f99adb,#5a1489,#7ab5e8,#a6baea,#9f55e0,#dd5875,#95f97c,#aaffcc,#8ff7d6,#c63205,#db564c,#0b3ae2,#42e5c4,#ef697d,#63dd61,#8b04e5,#a3a0ff,#aefcb7,#0cf4ca,#b2240e,#bde273,#e28891,#267fbf,#ed301e,#efc1a2,#d489dd,#27a304,#d86ca0,#f776a3,#7be58a,#f0c7fc,#5da5c6
#5a18a5,#be7fe0,#eabc9d,#f7d9a5,#fcc7db,#04317a,#e82e94,#ccd1ff,#7f76d3,#ffccfb,#26b74a,#db6f57,#6cd873,#dd18d7,#a2abef,#f2cbae,#6859f7,#ea986b,#4ec41b,#8af2ac,#990007,#2d87b7,#659e0f,#8496d8,#0955f9,#ff07f6,#aae1ef,#5853f4,#ddaf77,#edbc5a,#e28f7c,#8aef81,#22ef1f,#d8be2b,#d17132,#73e2a0,#d2a7f2,#e89874,#bcc1ff,#b8d31d,#f9b6e2,#9db201,#36870a,#f4e53f,#bf0137,#f70ed0,#a29fe0,#6af7d6,#f49695,#39a503,#cc8e2a,#b58bd6,#e57369,#abf9a2,#53b2b0,#59f2d8,#9696dd,#f43ae2,#55c9d6,#23d30c,#6edd63,#b5b0f2,#5dbfd3,#8de57e,#f21bf9,#edbf8b,#e06991,#384ca5,#7058d8,#9e301f,#d1555d,#e0af64,#3de543,#f477e8,#bacefc,#4edb6f,#4676c4,#0b28e2,#7ddb57,#d88b47,#7c40bc,#11d882,#fff8bf,#b8cbf2,#4ee069,#62960f,#e02cda,#65d87c,#1d8fa3,#6e0cd6,#30ea23,#7fe0ef,#011b63,#d69f46,#36087f,#f622f9,#250d6b,#49ffe3,#83fce0,#6eddbe
#addd6e,#afffb1,#53c1c6,#fcc7f8,#9581f9,#dd66c7,#12d3e5,#c287e5,#a5d5ef,#e3f794,#6bdba8,#8afca9,#e827ae,#0b06a0,#db6bb0,#eded65,#e08f55,#5fea4f,#a3ffc3,#b2351c,#f9f4a2,#ccef58,#9de038,#b577e5,#78dd3e,#e560d3,#96f2aa,#dd9eed,#d66f20,#1b5096,#f24be4,#d17314,#3abc99,#e8ccff,#165472,#d9adf4,#fc32f9,#e80953,#a8ffb5,#33f92c,#8f91ef,#fcd1c7,#bc8c12,#2ae0c8,#9abce0,#1eb500,#3c2ba0,#fceb8a,#d2e587,#13d6c2,#59db6d,#b306ce,#b1e4ed,#9a4df2,#ed47b3,#fc0ca4,#fffcbc,#077f59,#59afc6,#f8f9a4,#8dfcfc,#5bc6c5,#96a0dd,#89ff7a,#dd7ea1,#89b6ed,#f7f3a3,#64f4a7,#ac7ded,#f4baff,#b2f78a,#f90078,#99db6d,#3c58c9,#f8c6ff,#f9ebbb,#dd815d,#ffcfba,#c49900,#d395f4,#a5f7a8,#073a63,#d65ca9,#ffaa6d,#dd66b1,#40ede1,#ce8044,#e88f3c,#c7ce42,#92e54e,#fca055,#ce6854,#cbf209,#5dd35f,#a885d1,#ffa0e5,#079cf2,#8fea99,#e38fe8,#c10da9